district,zone_name,latitude,longitude,street_lamp_count_500m,primary_road_count_500m,secondary_road_count_500m,tertiary_road_count_500m,residential_road_count_500m,service_road_count_500m,footway_path_count_500m,pedestrian_road_count_500m,unclassified_road_count_500m,bus_station_count_500m,rail_station_count_500m,market_count_500m,shop_count_500m,school_college_count_500m,hospital_count_500m,police_count_3km,nearest_police_distance_km,light_score,road_quality,alley_density,transport_hub_score,public_place_density,police_distance_risk,environmental_risk_score
Kushtia,Kushtia Medical College,23.903692,89.121792,0,0,1,0,33,0,3,0,2,1,0,1,3,6,2,3,0.263,0.45,0.392,0.25,0.2,0.433,0.088,36.5
Madaripur,Madaripur Govt College,23.169056,90.20366,0,3,0,0,26,1,0,0,0,0,0,0,1,4,2,0,3.0,0.45,0.475,0.05,0.0,0.233,1.0,33.38
Faridpur,Goalchamot,23.5936,89.8201,0,0,0,0,0,0,0,0,0,0,0,0,0,0,0,0,3.0,0.45,0.35,0.0,0.0,0.0,1.0,30.75
Narail,Lakshmipasha,23.15509,89.49515,0,0,0,1,3,0,0,0,0,0,0,0,0,1,0,1,2.142,0.45,0.392,0.0,0.0,0.033,0.714,27.77
Narayanganj,Bandar Narayanganj,23.62387,90.53169,0,0,0,1,10,0,0,0,0,0,0,0,0,0,0,2,2.372,0.45,0.392,0.0,0.0,0.0,0.791,28.03
Bagerhat,Bagerhat Sadar,22.65657,89.79123,0,0,0,0,0,0,0,0,0,0,0,0,0,0,0,0,3.0,0.45,0.35,0.0,0.0,0.0,1.0,30.75
Bagerhat,Khan Jahan Ali Mazar,22.65657,89.79123,0,2,3,26,2,0,1,0,1,1,1,1,9,5,0,3,0.329,0.45,0.85,0.1,0.4,0.533,0.11,32.35
Bagerhat,Sixty Dome Mosque,22.674501,89.741822,0,0,0,3,1,11,0,2,7,0,0,0,0,0,0,0,3.0,0.45,0.475,1.0,0.0,0.0,1.0,48.88
Bandarban,Balaghata,22.19534,92.21946,0,0,0,0,0,0,0,0,0,0,0,0,0,0,0,0,3.0,0.45,0.35,0.0,0.0,0.0,1.0,30.75
Bandarban,Bandarban Bus Station,22.188414,92.214036,0,1,1,0,5,0,0,0,1,0,0,0,0,1,0,1,0.715,0.45,0.433,0.05,0.0,0.033,0.238,23.38
Bandarban,Bandarban Sadar,22.189482,92.226562,0,0,0,0,8,0,0,0,10,0,0,0,0,0,2,1,1.188,0.45,0.35,0.5,0.0,0.067,0.396,35.71
Barguna,Barguna Bus Stand,22.15672,90.11758,0,0,0,0,0,0,0,0,0,0,0,0,0,0,0,0,3.0,0.45,0.35,0.0,0.0,0.0,1.0,30.75
Barguna,Barguna General Hospital,22.156377,90.127931,0,1,0,4,26,20,1,0,17,1,0,0,1,3,1,2,0.582,0.45,0.558,1.0,0.2,0.167,0.194,46.06
Barguna,Barguna Govt College,22.156777,90.113826,0,2,0,0,60,2,0,0,9,0,0,0,8,3,0,2,0.812,0.45,0.433,0.55,0.0,0.367,0.271,38.71
Barguna,Barguna Launch Ghat,22.160263,90.116997,0,5,0,8,57,0,0,0,15,0,0,1,28,5,0,2,1.136,0.45,0.85,0.75,0.0,1.0,0.379,47.04
Barguna,Barguna Sadar,22.15672,90.11758,0,2,0,2,66,0,0,0,13,0,0,1,24,6,0,2,1.193,0.45,0.517,0.65,0.0,1.0,0.398,50.23
Barishal,Barishal Launch Ghat,22.70497,90.37013,0,7,7,5,74,14,3,0,7,0,0,0,12,5,5,4,0.248,0.45,0.85,1.0,0.0,0.733,0.083,45.08
Barishal,Barishal Sadar Road,22.70497,90.37013,0,7,7,5,74,14,3,0,7,0,0,0,12,5,5,4,0.248,0.45,0.85,1.0,0.0,0.733,0.083,45.08
Barishal,Chowmatha,22.70497,90.37013,0,0,0,0,0,0,0,0,0,0,0,0,0,0,0,0,3.0,0.45,0.35,0.0,0.0,0.0,1.0,30.75
Barishal,Port Road Barishal,22.70497,90.37013,0,7,7,5,74,14,3,0,7,0,0,0,12,5,5,4,0.248,0.45,0.85,1.0,0.0,0.733,0.083,45.08
Bhola,Bhola Bus Stand,22.68759,90.64403,0,3,0,8,8,2,1,1,19,0,0,0,0,2,0,2,0.151,0.45,0.808,1.0,0.0,0.067,0.05,35.38
Bhola,Bhola Govt College,22.67121,90.655989,0,0,0,0,0,0,0,0,0,0,0,0,0,0,0,0,3.0,0.45,0.35,0.0,0.0,0.0,1.0,30.75
Bhola,Bhola Launch Terminal,22.678577,90.606713,0,0,2,2,1,1,0,0,2,0,0,0,0,0,0,1,2.88,0.45,0.517,0.15,0.0,0.0,0.96,30.85
Bhola,Bhola Sadar,22.687944,90.645452,0,3,0,7,9,2,1,1,19,0,0,0,0,1,0,2,0.0,0.45,0.767,1.0,0.0,0.033,0.0,35.0
Bhola,Bhola Sadar Hospital,22.687944,90.645452,0,0,0,0,0,0,0,0,0,0,0,0,0,0,0,0,3.0,0.45,0.35,0.0,0.0,0.0,1.0,30.75
Bogura,Bogra Cantonment,24.85098,89.37108,0,1,3,10,44,7,25,0,7,4,1,12,148,3,2,3,1.671,0.45,0.85,1.0,1.0,1.0,0.557,73.82
Bogura,Bogura Railway Station,24.847986,89.367178,0,0,2,4,35,8,27,0,10,3,2,3,57,4,2,4,1.678,0.45,0.6,1.0,1.0,1.0,0.559,77.59
Bogura,Satmatha,25.733988,89.286492,0,0,0,0,0,0,0,0,0,0,0,0,0,0,0,0,3.0,0.45,0.35,0.0,0.0,0.0,1.0,30.75
Bogura,Sherpur Road Bogura,24.85098,89.37108,0,1,3,10,44,7,25,0,7,4,1,12,148,3,2,3,1.671,0.45,0.85,1.0,1.0,1.0,0.557,73.82
Brahmanbaria,Brahmanbaria Bus Terminal,23.952855,91.116351,0,0,0,1,11,1,0,0,2,1,0,0,0,0,0,0,3.0,0.45,0.392,0.15,0.2,0.0,1.0,37.12
Brahmanbaria,Brahmanbaria Medical College,24.001991,91.110799,0,0,0,0,0,0,0,0,0,0,0,0,0,0,0,0,3.0,0.45,0.35,0.0,0.0,0.0,1.0,30.75
Brahmanbaria,Brahmanbaria Sadar,23.97464,91.11228,0,0,0,0,46,0,3,0,15,0,0,0,1,1,1,0,3.0,0.45,0.35,0.9,0.0,0.1,1.0,50.25
Brahmanbaria,T.A. Road Brahmanbaria,23.97464,91.11228,0,0,0,0,46,0,3,0,15,0,0,0,1,1,1,0,3.0,0.45,0.35,0.9,0.0,0.1,1.0,50.25
Meherpur,Meherpur Bus Terminal,23.769361,88.636023,0,0,0,0,0,0,0,0,0,0,0,0,0,0,0,0,3.0,0.45,0.35,0.0,0.0,0.0,1.0,30.75
Chandpur,Chandpur Govt College,23.228984,90.659801,0,4,1,4,19,1,0,1,1,0,0,1,0,6,0,0,3.0,0.45,0.725,0.15,0.0,0.267,1.0,32.12
Chandpur,Chandpur Launch Terminal,23.235623,90.664701,0,2,0,3,19,2,1,0,1,2,0,0,1,1,0,0,3.0,0.45,0.558,0.2,0.4,0.067,1.0,40.62
Chandpur,Chandpur Sadar,23.265305,90.753564,0,0,0,0,0,0,0,0,0,0,0,0,0,0,0,0,3.0,0.45,0.35,0.0,0.0,0.0,1.0,30.75
Chapai Nawabganj,Baroghoria,24.602554,88.251753,0,0,0,3,9,0,0,0,1,0,0,2,8,0,0,3,1.747,0.45,0.475,0.05,0.0,0.4,0.582,31.7
Chapai Nawabganj,Chapai Nawabganj Railway Station,24.588301,88.285887,0,0,0,2,3,0,0,0,1,2,0,0,1,2,1,3,1.196,0.45,0.433,0.05,0.4,0.133,0.399,34.49
Chapai Nawabganj,Chapai Nawabganj Sadar,24.59895,88.28339,0,0,0,0,0,0,0,0,0,0,0,0,0,0,0,0,3.0,0.45,0.35,0.0,0.0,0.0,1.0,30.75
Chapai Nawabganj,Nawabganj Govt College,23.664049,90.158367,0,1,0,2,16,0,0,0,4,0,0,2,1,4,0,0,3.0,0.45,0.475,0.2,0.0,0.3,1.0,37.38
Chuadanga,Chuadanga Bus Terminal,23.5452,89.162957,0,5,0,0,11,1,0,0,4,0,0,4,14,0,0,0,3.0,0.45,0.558,0.25,0.0,0.733,1.0,43.62
Chuadanga,Chuadanga Govt College,23.643244,88.848241,0,0,0,0,0,0,0,0,0,0,0,0,0,0,0,0,3.0,0.45,0.35,0.0,0.0,0.0,1.0,30.75
Chuadanga,Chuadanga Railway Station,23.63967,88.85644,0,4,0,1,11,0,0,0,9,0,1,0,0,0,0,1,1.357,0.45,0.558,0.45,0.2,0.0,0.452,35.15
Chuadanga,Chuadanga Sadar,23.64299,88.85291,0,4,0,0,26,0,0,0,10,0,0,0,0,0,0,1,0.891,0.45,0.517,0.5,0.0,0.0,0.297,31.22
Chuadanga,Chuadanga Sadar Hospital,23.63514,88.847235,0,0,0,0,0,0,0,0,0,0,0,0,0,0,0,0,3.0,0.45,0.35,0.0,0.0,0.0,1.0,30.75
Cox's Bazar,Cox's Bazar Bus Terminal,21.352809,92.078364,0,0,0,0,0,0,0,0,0,0,0,0,0,0,0,0,3.0,0.45,0.35,0.0,0.0,0.0,1.0,30.75
Cox's Bazar,Cox's Bazar Sadar Hospital,21.352809,92.078364,0,0,0,0,0,0,0,0,0,0,0,0,0,0,0,0,3.0,0.45,0.35,0.0,0.0,0.0,1.0,30.75
Cox's Bazar,Kolatoli,21.420776,91.983256,0,0,0,0,0,0,0,0,0,0,0,0,0,0,0,0,3.0,0.45,0.35,0.0,0.0,0.0,1.0,30.75
Cox's Bazar,Laboni Point,21.428586,91.97349,0,0,0,1,22,19,14,1,6,0,0,7,2,0,0,4,0.168,0.45,0.392,1.0,0.0,0.533,0.056,48.69
Cox's Bazar,Sugandha Point,22.365432,91.830267,0,10,0,1,100,7,1,1,2,0,0,0,22,11,18,14,0.499,0.45,0.808,0.55,0.0,1.0,0.166,41.54
Cumilla,Cumilla Cantonment,23.4417,91.00987,0,0,0,0,0,0,0,0,0,0,0,0,0,0,0,0,3.0,0.45,0.35,0.0,0.0,0.0,1.0,30.75
Cumilla,Cumilla Medical College,23.770271,90.36068,0,0,2,0,174,0,1,0,0,0,0,1,169,7,10,23,0.167,0.45,0.433,0.05,0.0,1.0,0.056,36.06
Cumilla,Kandirpar,23.46186,91.18504,0,9,2,1,34,9,1,0,9,0,0,2,1,5,0,2,1.386,0.45,0.85,0.95,0.0,0.333,0.462,41.87
Cumilla,Tomchom Bridge,23.46186,91.18504,0,0,0,0,0,0,0,0,0,0,0,0,0,0,0,0,3.0,0.45,0.35,0.0,0.0,0.0,1.0,30.75
Dinajpur,Dinajpur Bus Terminal,25.644458,88.647967,0,2,0,6,28,0,2,0,5,2,0,0,1,2,0,1,1.29,0.45,0.683,0.35,0.4,0.1,0.43,36.55
Dinajpur,Dinajpur Railway Station,25.66448,88.58728,0,0,1,0,2,1,0,0,4,0,0,0,0,0,0,0,3.0,0.45,0.392,0.25,0.0,0.0,1.0,35.12
Dinajpur,Dinajpur Sadar,25.62745,88.63779,0,0,0,0,0,0,0,0,0,0,0,0,0,0,0,0,3.0,0.45,0.35,0.0,0.0,0.0,1.0,30.75
Dinajpur,Lily Mor,25.62745,88.63779,0,7,2,7,37,0,5,0,1,0,0,0,4,7,3,1,0.984,0.45,0.85,0.3,0.0,0.467,0.328,29.53
Faridpur,Faridpur Bus Stand,23.60612,89.84064,40,0,0,3,17,0,0,0,0,0,0,3,7,2,8,1,0.69,0.9,0.475,0.0,0.0,0.767,0.23,23.68
Faridpur,Faridpur Medical College,23.588129,89.835258,0,0,0,0,0,0,0,0,0,0,0,0,0,0,0,0,3.0,0.45,0.35,0.0,0.0,0.0,1.0,30.75
Faridpur,Faridpur Railway Station,23.537151,89.65414,0,0,0,0,0,0,0,0,3,0,0,0,0,0,0,0,3.0,0.45,0.35,0.15,0.0,0.0,1.0,33.75
Faridpur,Faridpur Sadar,23.60612,89.84064,40,0,0,3,17,0,0,0,0,0,0,3,7,2,8,1,0.69,0.9,0.475,0.0,0.0,0.767,0.23,23.68
Jashore,Jashore Bus Terminal,23.1812,89.2214,0,0,0,0,0,0,0,0,0,0,0,0,0,0,0,0,3.0,0.45,0.35,0.0,0.0,0.0,1.0,30.75
Gaibandha,Gaibandha Railway Station,25.33275,89.54211,0,2,2,5,15,0,0,0,2,1,1,0,0,1,0,0,3.0,0.45,0.725,0.1,0.4,0.033,1.0,35.62
Jashore,Jashore Railway Station,23.1547,89.2082,0,0,0,3,70,0,6,0,4,1,1,1,4,2,1,3,0.94,0.45,0.475,0.5,0.4,0.3,0.313,44.51
Feni,Feni Mohipal,23.0109,91.3791,0,0,2,0,39,3,3,0,7,1,0,2,3,2,1,5,0.668,0.45,0.433,0.65,0.2,0.333,0.223,43.73
Feni,Feni Sadar,23.0159,91.3976,0,0,0,0,0,0,0,0,0,0,0,0,0,0,0,0,3.0,0.45,0.35,0.0,0.0,0.0,1.0,30.75
Moulvibazar,Moulvibazar 250 Bed Hospital,24.4735,91.7672,0,0,0,1,19,0,0,0,1,0,0,0,4,0,1,2,0.682,0.45,0.392,0.05,0.0,0.167,0.227,25.9
Dhaka,Banani,23.7937,90.4043,13,0,5,7,79,2,11,0,4,3,2,1,99,7,2,17,0.383,0.743,0.85,0.85,1.0,1.0,0.128,60.68
Feni,Feni General Hospital,23.029805,91.405948,0,0,6,0,25,0,0,0,1,0,0,0,0,0,2,2,2.145,0.45,0.6,0.05,0.0,0.067,0.715,26.15
Feni,Feni Railway Station,23.001672,91.391052,0,0,0,0,44,0,0,0,1,0,0,0,0,0,0,5,0.001,0.45,0.35,0.05,0.0,0.0,0.0,21.75
Gaibandha,Gaibandha Govt College,25.320241,89.543865,0,0,1,0,22,0,19,0,0,0,0,0,0,2,0,0,3.0,0.45,0.392,0.95,0.0,0.067,1.0,50.12
Gaibandha,Gaibandha Sadar,25.3293,89.5438,0,2,2,6,11,0,0,0,2,1,1,0,0,3,0,0,3.0,0.45,0.767,0.1,0.4,0.1,1.0,36.0
Gaibandha,Gaibandha Sadar Hospital,25.327255,89.537638,0,0,0,0,0,0,0,0,0,0,0,0,0,0,0,0,3.0,0.45,0.35,0.0,0.0,0.0,1.0,30.75
Gazipur,Board Bazar,24.126097,90.472114,0,0,0,0,3,0,0,0,1,0,0,0,0,0,0,0,3.0,0.45,0.35,0.05,0.0,0.0,1.0,31.75
Gazipur,Gazipur Chowrasta,24.126097,90.472114,0,0,0,0,0,0,0,0,0,0,0,0,0,0,0,0,3.0,0.45,0.35,0.0,0.0,0.0,1.0,30.75
Gazipur,Joydebpur Railway Station,24.00258,90.420102,0,4,4,3,16,2,0,0,0,0,0,0,4,0,0,3,0.0,0.45,0.808,0.1,0.0,0.133,0.0,17.88
Gazipur,Konabari,24.126097,90.472114,0,0,0,0,3,0,0,0,1,0,0,0,0,0,0,0,3.0,0.45,0.35,0.05,0.0,0.0,1.0,31.75
Gazipur,Tongi Station Road,24.126097,90.472114,0,0,0,0,0,0,0,0,0,0,0,0,0,0,0,0,3.0,0.45,0.35,0.0,0.0,0.0,1.0,30.75
Gopalganj,Gopalganj General Hospital,22.998509,89.819274,0,1,1,2,2,6,0,0,6,0,0,0,1,0,2,0,3.0,0.45,0.517,0.6,0.0,0.1,1.0,41.75
Gopalganj,Gopalganj Launch Ghat,23.01018,89.83278,0,1,0,1,30,0,0,0,4,0,0,0,0,1,0,2,2.096,0.45,0.433,0.2,0.0,0.033,0.699,30.99
Gopalganj,Gopalganj Sadar,23.01018,89.83278,0,0,0,0,0,0,0,0,0,0,0,0,0,0,0,0,3.0,0.45,0.35,0.0,0.0,0.0,1.0,30.75
Habiganj,Habiganj Bus Stand,24.38044,91.413,0,1,0,4,29,0,0,0,4,0,0,0,2,1,0,2,0.855,0.45,0.558,0.2,0.0,0.1,0.285,25.98
Habiganj,Habiganj Govt High School Road,24.38044,91.413,0,1,0,4,29,0,0,0,4,0,0,0,2,1,0,2,0.855,0.45,0.558,0.2,0.0,0.1,0.285,25.98
Habiganj,Habiganj Sadar,24.38044,91.413,0,0,0,0,0,0,0,0,0,0,0,0,0,0,0,0,3.0,0.45,0.35,0.0,0.0,0.0,1.0,30.75
Habiganj,Habiganj Sadar Hospital,24.373729,91.41607,0,14,0,5,30,2,0,0,1,0,0,0,0,1,6,2,0.058,0.45,0.85,0.15,0.0,0.233,0.019,19.94
Habiganj,Shaistaganj Railway Station,24.278364,91.450383,0,2,0,2,4,0,0,0,11,1,1,0,0,0,0,0,3.0,0.45,0.517,0.55,0.4,0.0,1.0,47.25
Jamalpur,Jamalpur Bus Terminal,24.904799,89.950009,0,1,0,0,2,0,0,0,4,2,0,0,16,1,2,0,3.0,0.45,0.392,0.2,0.4,0.633,1.0,51.62
Jamalpur,Jamalpur General Hospital,24.933192,89.942218,0,3,2,0,5,0,3,0,2,0,0,0,18,8,6,0,3.0,0.45,0.558,0.25,0.0,1.0,1.0,47.62
Jamalpur,Jamalpur Govt College,24.956382,89.850674,0,1,0,1,2,0,2,0,3,0,0,0,1,1,0,0,3.0,0.45,0.433,0.25,0.0,0.067,1.0,35.5
Jamalpur,Jamalpur Railway Station,24.904799,89.950009,0,1,0,0,2,0,0,0,4,2,0,0,16,1,2,0,3.0,0.45,0.392,0.2,0.4,0.633,1.0,51.62
Jamalpur,Jamalpur Sadar,24.91965,89.94812,0,0,0,0,0,0,0,0,0,0,0,0,0,0,0,0,3.0,0.45,0.35,0.0,0.0,0.0,1.0,30.75
Jashore,Chanchra,23.168306,89.210408,0,0,0,9,95,0,7,0,30,0,0,0,47,4,15,3,0.463,0.45,0.725,1.0,0.0,1.0,0.154,51.67
Jashore,Jashore Daratana,23.168306,89.210408,0,0,0,9,95,0,7,0,30,0,0,0,47,4,15,3,0.463,0.45,0.725,1.0,0.0,1.0,0.154,51.67
Narail,Narail Sadar Hospital,23.172284,89.499126,0,0,0,0,0,0,0,0,0,0,0,0,0,0,0,0,3.0,0.45,0.35,0.0,0.0,0.0,1.0,30.75
Panchagarh,Atwari,26.30832,88.39939,0,0,0,0,0,0,0,0,10,0,0,0,0,0,0,0,3.0,0.45,0.35,0.5,0.0,0.0,1.0,40.75
Kurigram,Kurigram Railway Station,25.80758,89.62135,0,0,2,7,10,0,1,0,7,0,1,0,4,1,0,0,3.0,0.45,0.725,0.4,0.2,0.167,1.0,39.62
Jhalokati,Jhalokati Bus Stand,22.559352,90.139273,0,1,0,0,0,0,0,0,0,0,0,0,0,1,0,1,1.254,0.45,0.392,0.0,0.0,0.033,0.418,24.8
Jhalokati,Jhalokati Launch Ghat,22.633647,90.193738,0,0,1,0,6,0,0,0,9,1,0,0,0,0,0,1,0.707,0.45,0.392,0.45,0.2,0.0,0.236,35.48
Jhalokati,Jhalokati Sadar,22.6406,90.19868,0,0,3,0,26,5,1,0,12,1,0,0,1,7,0,1,0.219,0.45,0.475,0.9,0.2,0.267,0.073,45.6
Jhalokati,Jhalokati Sadar Hospital,22.6406,90.19868,0,0,3,0,26,5,1,0,12,1,0,0,1,7,0,1,0.219,0.45,0.475,0.9,0.2,0.267,0.073,45.6
Jhenaidah,Jhenaidah Bus Terminal,23.485557,89.417889,0,0,0,0,0,0,0,0,0,0,0,0,0,0,0,0,3.0,0.45,0.35,0.0,0.0,0.0,1.0,30.75
Jhenaidah,Jhenaidah Cadet College,23.567576,89.17708,0,0,0,0,19,0,0,0,4,0,0,0,0,1,1,0,3.0,0.45,0.35,0.2,0.0,0.067,1.0,35.75
Jhenaidah,Jhenaidah Sadar,23.530615,89.172242,0,0,0,1,15,0,1,0,0,0,0,1,7,0,3,0,3.0,0.45,0.392,0.05,0.0,0.4,1.0,37.12
Jhenaidah,Jhenaidah Sadar Hospital,23.530615,89.172242,0,0,0,0,0,0,0,0,0,0,0,0,0,0,0,0,3.0,0.45,0.35,0.0,0.0,0.0,1.0,30.75
Jhenaidah,Payra Chattar Jhenaidah,22.9586,89.38339,0,0,0,0,0,0,0,0,5,0,0,0,0,0,0,0,3.0,0.45,0.35,0.25,0.0,0.0,1.0,35.75
Joypurhat,Joypurhat Bus Terminal,24.97434,89.014193,0,1,3,0,0,0,0,0,0,1,0,0,0,1,0,0,3.0,0.45,0.517,0.0,0.2,0.033,1.0,32.75
Joypurhat,Joypurhat District Hospital,25.126748,89.093079,0,0,0,0,0,0,0,0,0,0,0,0,0,0,0,0,3.0,0.45,0.35,0.0,0.0,0.0,1.0,30.75
Joypurhat,Joypurhat Govt College,25.097788,89.023716,0,0,0,0,26,3,1,0,1,2,2,1,2,2,0,3,0.264,0.45,0.35,0.25,0.8,0.2,0.088,45.63
Joypurhat,Joypurhat Railway Station,25.098994,89.025758,0,2,2,0,29,3,1,0,1,2,2,4,11,5,0,3,0.018,0.45,0.517,0.25,0.8,0.8,0.006,51.31
Joypurhat,Joypurhat Sadar,25.09446,89.02286,0,0,0,0,0,0,0,0,0,0,0,0,0,0,0,0,3.0,0.45,0.35,0.0,0.0,0.0,1.0,30.75
Khagrachhari,Alutila Cave,23.083565,91.955288,0,1,0,0,4,0,0,0,0,0,0,0,0,0,0,0,3.0,0.45,0.392,0.0,0.0,0.0,1.0,30.12
Khagrachhari,Khagrachhari Sadar,23.10787,91.97007,0,2,0,0,1,0,0,0,0,0,0,0,0,0,0,1,3.084,0.45,0.433,0.0,0.0,0.0,1.0,29.5
Khagrachhari,Khagrachhari Sadar Hospital,23.117154,91.975216,0,0,1,0,1,0,0,0,0,0,0,0,0,3,0,1,2.222,0.45,0.392,0.0,0.0,0.1,0.741,29.03
Khagrachhari,Shapla Chattar Khagrachhari,24.271815,89.922329,0,1,0,1,25,3,0,0,0,1,0,0,0,1,1,3,0.846,0.45,0.433,0.15,0.2,0.067,0.282,30.32
Khulna,Khalishpur,22.85308,89.54427,0,0,0,0,0,0,0,0,0,0,0,0,0,0,0,0,3.0,0.45,0.35,0.0,0.0,0.0,1.0,30.75
Khulna,Khulna Medical College,22.828592,89.537411,0,2,0,0,60,12,0,0,0,1,0,0,0,0,2,5,1.534,0.45,0.433,0.6,0.2,0.067,0.511,41.61
Khulna,Khulna Railway Station,22.82298,89.55889,111,0,3,3,14,2,4,1,1,4,2,0,1,0,0,5,0.598,0.9,0.6,0.4,1.0,0.033,0.199,38.49
Khulna,Shibbari Mor,22.837283,89.540056,0,0,2,0,19,5,0,0,0,1,0,0,0,1,1,4,1.044,0.45,0.433,0.25,0.2,0.067,0.348,32.98
Khulna,Sonadanga Bus Terminal,22.815922,89.541378,119,9,4,0,65,9,1,0,5,1,0,0,0,2,2,7,0.244,0.9,0.85,0.75,0.2,0.133,0.081,26.06
Kishoreganj,Gouranga Bazar,24.043569,90.985168,0,0,0,5,13,0,0,0,3,2,0,3,3,5,1,2,1.445,0.45,0.558,0.15,0.4,0.5,0.482,40.94
Kishoreganj,Kishoreganj Bus Terminal,24.630967,90.609965,0,0,0,0,0,0,0,0,0,0,0,0,0,0,0,0,3.0,0.45,0.35,0.0,0.0,0.0,1.0,30.75
Kishoreganj,Kishoreganj Sadar,24.43944,90.78291,0,1,4,3,16,0,1,0,9,0,0,1,4,3,0,2,0.307,0.45,0.683,0.5,0.0,0.3,0.102,31.27
Kurigram,Kurigram Sadar,25.811202,89.614468,0,1,0,2,2,0,0,0,4,0,0,1,1,0,0,0,3.0,0.45,0.475,0.2,0.0,0.1,1.0,34.38
Kurigram,Nageshwari Road,25.760116,89.677476,0,0,0,0,0,0,0,0,0,0,0,0,0,0,0,0,3.0,0.45,0.35,0.0,0.0,0.0,1.0,30.75
Kushtia,Kushtia Bus Terminal,23.890997,89.1168,0,1,0,0,10,0,0,0,2,2,0,0,0,0,0,3,0.44,0.45,0.392,0.1,0.4,0.0,0.147,31.59
Rajshahi,Court Station Rajshahi,24.379311,88.564479,0,3,0,14,100,1,0,0,1,2,2,0,6,0,0,15,0.842,0.45,0.85,0.1,0.8,0.2,0.281,37.06
Lalmonirhat,Lalmonirhat Railway Station,25.91193,89.44548,0,0,0,0,0,0,0,0,0,0,0,0,0,0,0,0,3.0,0.45,0.35,0.0,0.0,0.0,1.0,30.75
Bagerhat,Rampal,22.65657,89.79123,0,2,3,26,2,0,1,0,1,1,1,1,9,5,0,3,0.329,0.45,0.85,0.1,0.4,0.533,0.11,32.35
Lakshmipur,Lakshmipur Govt College,22.933,90.8268,0,2,0,0,1,0,0,0,10,0,0,0,0,3,0,0,3.0,0.45,0.433,0.5,0.0,0.1,1.0,41.0
Dhaka,Gulshan,23.7806,90.4167,0,0,0,0,0,0,0,0,0,0,0,0,0,0,0,0,3.0,0.45,0.35,0.0,0.0,0.0,1.0,30.75
Kurigram,Kurigram General Hospital,25.808368,89.645139,0,1,0,9,1,0,1,0,7,1,0,0,0,1,1,0,3.0,0.45,0.767,0.4,0.2,0.067,1.0,37.5
Kushtia,Kushtia Railway Station,23.890863,89.113085,0,2,0,1,16,0,0,0,2,2,0,1,3,2,0,3,0.096,0.45,0.475,0.1,0.4,0.233,0.032,32.7
Kushtia,Kushtia Sadar,23.9028,89.11943,0,0,0,0,28,0,1,0,4,0,0,1,3,5,2,3,0.417,0.45,0.35,0.25,0.0,0.4,0.139,33.14
Kushtia,Majampur Gate,23.9028,89.11943,0,0,0,0,28,0,1,0,4,0,0,1,3,5,2,3,0.417,0.45,0.35,0.25,0.0,0.4,0.139,33.14
Lakshmipur,Lakshmipur Sadar,22.9443,90.83005,0,5,0,0,25,0,0,0,2,0,0,1,1,0,0,0,3.0,0.45,0.558,0.1,0.0,0.1,1.0,31.12
Lakshmipur,Lakshmipur Sadar Hospital,22.95,90.825,0,0,0,0,3,0,0,0,0,0,0,0,0,0,0,0,3.0,0.45,0.35,0.0,0.0,0.0,1.0,30.75
Lakshmipur,North Temuhani,22.9443,90.83005,0,5,0,0,25,0,0,0,2,0,0,1,1,0,0,0,3.0,0.45,0.558,0.1,0.0,0.1,1.0,31.12
Lalmonirhat,Lalmonirhat Bus Terminal,25.90507,89.433924,0,0,0,0,15,0,0,0,1,1,0,1,4,2,0,2,0.154,0.45,0.35,0.05,0.2,0.267,0.051,30.26
Lalmonirhat,Lalmonirhat Sadar,25.91719,89.44595,0,3,5,8,8,2,2,0,0,0,0,0,3,2,0,2,1.653,0.45,0.85,0.2,0.0,0.167,0.551,25.26
Lalmonirhat,Lalmonirhat Sadar Hospital,25.89035,89.47849,0,0,0,0,0,0,0,0,0,0,0,0,0,0,0,0,3.0,0.45,0.35,0.0,0.0,0.0,1.0,30.75
Lalmonirhat,Mishon Mor,23.848265,90.292382,0,0,0,2,41,2,2,0,2,0,0,0,0,0,0,0,3.0,0.45,0.433,0.3,0.0,0.0,1.0,35.5
Madaripur,Madaripur Launch Ghat,23.17097,90.20935,0,1,1,1,12,0,0,0,0,1,0,0,1,3,2,0,3.0,0.45,0.475,0.0,0.2,0.2,1.0,35.88
Madaripur,Madaripur Sadar,23.17097,90.20935,0,1,1,1,12,0,0,0,0,1,0,0,1,3,2,0,3.0,0.45,0.475,0.0,0.2,0.2,1.0,35.88
Madaripur,Madaripur Sadar Hospital,23.165413,90.211774,0,1,0,1,8,0,1,0,0,1,0,0,0,1,4,0,3.0,0.45,0.433,0.05,0.2,0.167,1.0,37.0
Magura,Magura Bus Terminal,23.497361,89.432266,0,0,0,0,0,0,0,0,0,1,0,0,0,0,0,0,3.0,0.45,0.35,0.0,0.2,0.0,1.0,34.75
Magura,Magura Sadar,23.4845,89.41961,0,0,0,0,5,0,0,0,1,0,0,1,3,3,1,0,3.0,0.45,0.35,0.05,0.0,0.3,1.0,36.25
Magura,Magura Sadar Hospital,23.4845,89.41961,0,0,0,0,0,0,0,0,0,0,0,0,0,0,0,0,3.0,0.45,0.35,0.0,0.0,0.0,1.0,30.75
Magura,Vaina Mor,23.405385,89.416036,0,0,0,0,0,0,0,0,0,0,0,0,0,0,0,0,3.0,0.45,0.35,0.0,0.0,0.0,1.0,30.75
Manikganj,Beutha,23.84361,90.00256,0,1,3,0,9,0,0,0,0,0,0,0,1,0,0,3,1.506,0.45,0.517,0.0,0.0,0.033,0.502,23.77
Manikganj,Manikganj Bus Stand,23.85768,90.00957,0,0,0,0,0,0,0,0,0,0,0,0,0,0,0,0,3.0,0.45,0.35,0.0,0.0,0.0,1.0,30.75
Manikganj,Manikganj Govt Devendra College,23.862458,90.005096,0,6,0,5,17,1,2,0,3,0,0,1,2,10,4,3,0.391,0.45,0.808,0.3,0.0,0.6,0.13,30.18
Manikganj,Manikganj Sadar,23.861743,90.00136,0,9,0,5,17,1,1,0,8,0,0,1,3,14,3,3,0.004,0.45,0.85,0.5,0.0,0.733,0.001,34.26
Manikganj,Manikganj Sadar Hospital,23.861743,90.00136,0,0,0,0,0,0,0,0,0,0,0,0,0,0,0,0,3.0,0.45,0.35,0.0,0.0,0.0,1.0,30.75
Meherpur,Meherpur Sadar,23.77687,88.63033,0,0,4,3,36,0,1,0,1,0,0,1,2,2,0,1,0.511,0.45,0.642,0.1,0.0,0.2,0.17,23.08
Shariatpur,Bhedarganj,23.267008,90.414774,0,0,1,0,2,0,0,0,0,0,0,0,0,0,0,0,3.0,0.45,0.392,0.0,0.0,0.0,1.0,30.12
Narayanganj,Narayanganj Railway Station,23.6187,90.5056,0,0,0,0,0,0,0,0,0,0,0,0,0,0,0,0,3.0,0.45,0.35,0.0,0.0,0.0,1.0,30.75
Narsingdi,Madhabdi Bazar,23.8505,90.6744,0,0,0,2,33,4,0,0,0,2,0,0,6,1,0,0,3.0,0.45,0.433,0.2,0.4,0.233,1.0,45.0
Moulvibazar,Moulvibazar Govt College,24.48,91.779,0,0,0,4,18,2,0,0,2,0,0,0,0,1,0,1,1.338,0.45,0.517,0.2,0.0,0.033,0.446,27.21
Meherpur,Meherpur General Hospital,23.778018,88.642587,0,2,1,0,17,0,0,0,1,0,0,0,1,0,4,1,1.706,0.45,0.475,0.05,0.0,0.167,0.569,28.06
Meherpur,Meherpur Govt College,23.767924,88.641109,0,3,0,0,26,0,0,0,1,0,0,0,0,4,0,1,1.979,0.45,0.475,0.05,0.0,0.133,0.66,28.47
Meherpur,Mujibnagar Memorial,23.649909,88.597724,0,2,0,0,5,3,0,1,1,0,0,0,1,0,0,0,3.0,0.45,0.433,0.25,0.0,0.033,1.0,35.0
Moulvibazar,Moulvibazar Bus Terminal,24.485683,91.765851,0,0,1,3,21,1,0,0,5,1,0,0,20,3,2,1,0.688,0.45,0.517,0.3,0.2,0.833,0.229,43.04
Moulvibazar,Moulvibazar Sadar,24.481265,91.858094,0,0,0,0,0,0,0,0,0,0,0,0,0,0,0,0,3.0,0.45,0.35,0.0,0.0,0.0,1.0,30.75
Moulvibazar,Sreemangal Road,24.30734,91.733739,0,0,6,4,21,0,3,0,4,2,2,0,7,2,2,2,0.4,0.45,0.767,0.35,0.8,0.367,0.133,44.33
Munshiganj,Muktarpur Bridge,23.539816,90.337788,0,0,0,1,2,0,0,0,0,0,0,0,0,0,0,0,3.0,0.45,0.392,0.0,0.0,0.0,1.0,30.12
Munshiganj,Munshiganj Bus Stand,23.5517,90.53459,0,4,6,2,25,1,0,0,0,0,0,0,3,2,3,1,0.181,0.45,0.85,0.05,0.0,0.267,0.06,18.85
Munshiganj,Munshiganj General Hospital,23.001406,91.405329,0,0,5,0,19,0,0,0,0,1,0,0,7,0,0,5,1.339,0.45,0.558,0.0,0.2,0.233,0.446,29.59
Munshiganj,Munshiganj Launch Ghat,23.558352,90.532681,0,6,2,3,16,2,0,0,0,0,0,0,0,4,3,1,0.584,0.45,0.808,0.1,0.0,0.233,0.195,21.32
Munshiganj,Munshiganj Sadar,23.5517,90.53459,0,4,6,2,25,1,0,0,0,0,0,0,3,2,3,1,0.181,0.45,0.85,0.05,0.0,0.267,0.06,18.85
Naogaon,Mukter Para,24.78333,88.68333,0,0,0,0,0,0,0,0,0,0,0,0,0,0,0,0,3.0,0.45,0.35,0.0,0.0,0.0,1.0,30.75
Naogaon,Naogaon Bus Terminal,24.96497,88.903607,0,0,0,0,0,0,0,0,0,0,0,0,0,0,0,0,3.0,0.45,0.35,0.0,0.0,0.0,1.0,30.75
Naogaon,Naogaon Govt College,24.921304,88.748983,0,1,3,1,7,0,0,0,0,0,0,0,7,1,5,0,3.0,0.45,0.558,0.0,0.0,0.433,1.0,34.12
Naogaon,Naogaon Sadar,24.88294,88.807071,0,3,0,0,0,0,0,0,0,0,0,1,0,0,0,0,3.0,0.45,0.475,0.0,0.0,0.067,1.0,29.88
Naogaon,Naogaon Sadar Hospital,24.913015,88.753215,0,1,3,0,4,0,0,0,1,0,0,0,7,2,0,0,3.0,0.45,0.517,0.05,0.0,0.3,1.0,33.75
Narail,Narail Govt Victoria College,23.162104,89.498883,0,0,0,4,1,0,10,0,0,0,0,0,0,1,0,1,1.299,0.45,0.517,0.5,0.0,0.033,0.433,33.08
Narail,Narail Sadar,23.15509,89.49515,0,0,0,1,3,0,0,0,0,0,0,0,0,1,0,1,2.142,0.45,0.392,0.0,0.0,0.033,0.714,27.77
Narail,Rupganj Bazar Narail,23.15509,89.49515,0,0,0,1,3,0,0,0,0,0,0,0,0,1,0,1,2.142,0.45,0.392,0.0,0.0,0.033,0.714,27.77
Narayanganj,Adamjee EPZ,23.676402,90.524429,0,0,0,0,25,0,0,0,9,0,0,0,0,0,0,2,0.76,0.45,0.35,0.45,0.0,0.0,0.253,32.28
Narayanganj,Chashara,23.62502,90.49684,0,6,2,2,30,2,0,0,0,0,1,4,24,1,0,3,1.367,0.45,0.767,0.1,0.2,1.0,0.456,40.06
Narayanganj,Khanpur Hospital,23.627231,90.505226,0,5,0,3,41,3,3,0,5,0,0,1,2,0,1,2,1.084,0.45,0.683,0.55,0.0,0.167,0.361,32.86
Narayanganj,Narayanganj Launch Terminal,23.635071,90.47126,0,0,0,0,22,4,0,0,6,0,0,2,5,1,0,1,0.412,0.45,0.35,0.5,0.0,0.333,0.137,37.12
Narsingdi,Narsingdi Railway Station,23.931166,90.721869,0,4,0,18,30,0,7,1,6,1,1,0,0,2,0,0,3.0,0.45,0.85,0.7,0.4,0.067,1.0,46.25
Narsingdi,Narsingdi Sadar,23.920144,90.718454,0,4,0,2,22,1,0,1,2,0,0,1,2,4,1,1,2.807,0.45,0.6,0.2,0.0,0.3,0.936,34.86
Narsingdi,Narsingdi Sadar Hospital,23.920144,90.718454,0,4,0,2,22,1,0,1,2,0,0,1,2,4,1,1,2.807,0.45,0.6,0.2,0.0,0.3,0.936,34.86
Natore,Natore Sadar,24.41112,88.98673,0,0,0,0,13,6,0,0,6,0,0,6,25,1,1,7,0.389,0.45,0.35,0.6,0.0,1.0,0.13,49.05
Bandarban,Meghla Tourist Complex,22.1817,92.1892,0,0,0,0,0,0,0,0,0,0,0,0,0,0,0,0,3.0,0.45,0.35,0.0,0.0,0.0,1.0,30.75
Sherpur,Nalitabari,25.08899,90.19351,0,0,5,5,15,1,0,0,0,0,0,1,23,6,2,1,0.373,0.45,0.767,0.05,0.0,1.0,0.124,31.74
Noakhali,Noakhali Sadar Hospital,22.8711,91.0974,0,0,0,2,29,4,3,0,4,0,0,0,0,1,1,0,3.0,0.45,0.433,0.55,0.0,0.067,1.0,41.5
Natore,Natore Bus Terminal,24.410171,89.010358,0,0,0,0,4,7,1,0,0,3,0,0,11,3,1,10,0.794,0.45,0.35,0.4,0.6,0.5,0.265,50.9
Natore,Natore Railway Station,24.414755,88.981159,0,0,0,0,0,0,0,0,0,0,0,0,0,0,0,0,3.0,0.45,0.35,0.0,0.0,0.0,1.0,30.75
Netrokona,Mokterpara,24.871384,90.732886,0,3,3,3,18,4,0,0,3,0,0,2,4,5,1,3,0.479,0.45,0.725,0.35,0.0,0.467,0.16,30.72
Netrokona,Netrokona Bus Terminal,24.873765,90.718349,0,1,0,3,6,3,0,0,8,1,0,1,3,0,0,3,1.013,0.45,0.517,0.55,0.2,0.167,0.338,39.13
Netrokona,Netrokona Railway Station,24.8724,90.728275,0,4,3,4,16,4,0,0,5,0,0,3,5,4,1,3,0.0,0.45,0.808,0.45,0.0,0.533,0.0,30.88
Netrokona,Netrokona Sadar,24.867111,90.74224,0,0,0,0,13,0,2,0,3,0,0,0,0,0,0,2,1.527,0.45,0.35,0.25,0.0,0.0,0.509,30.84
Nilphamari,Nilphamari General Hospital,25.930674,88.845377,0,0,0,0,0,0,0,0,0,0,0,0,0,0,0,0,3.0,0.45,0.35,0.0,0.0,0.0,1.0,30.75
Nilphamari,Nilphamari Railway Station,25.95281,88.83462,0,1,0,2,4,0,0,0,0,0,1,0,0,0,0,0,3.0,0.45,0.475,0.0,0.2,0.0,1.0,32.88
Nilphamari,Nilphamari Sadar,25.94167,88.84667,0,1,0,2,2,0,0,0,4,1,0,1,12,2,1,0,3.0,0.45,0.475,0.2,0.2,0.567,1.0,45.38
Nilphamari,Saidpur Railway Station,25.79552,88.88684,0,0,0,0,0,0,0,0,0,0,0,0,0,0,0,0,3.0,0.45,0.35,0.0,0.0,0.0,1.0,30.75
Noakhali,Chowmuhani,22.816467,91.121505,0,0,0,1,4,0,0,0,0,0,0,0,0,0,0,0,3.0,0.45,0.392,0.0,0.0,0.0,1.0,30.12
Noakhali,Maijdee Court,22.816467,91.121505,0,0,0,1,4,0,0,0,0,0,0,0,0,0,0,0,3.0,0.45,0.392,0.0,0.0,0.0,1.0,30.12
Pabna,Abdul Hamid Road,24.00644,89.2372,0,0,0,0,0,0,0,0,0,0,0,0,0,0,0,0,3.0,0.45,0.35,0.0,0.0,0.0,1.0,30.75
Pabna,Pabna Bus Terminal,24.007491,89.256482,0,0,1,2,19,4,0,0,0,4,0,3,9,1,0,1,1.687,0.45,0.475,0.2,0.8,0.533,0.562,52.5
Pabna,Pabna Medical College,24.004431,89.209128,0,1,0,0,8,0,1,0,2,0,0,0,0,1,1,0,3.0,0.45,0.392,0.15,0.0,0.067,1.0,34.12
Pabna,Pabna Railway Station,24.008883,89.239939,0,0,0,0,0,0,0,0,0,0,0,0,0,0,0,0,3.0,0.45,0.35,0.0,0.0,0.0,1.0,30.75
Pabna,Pabna Sadar,24.00644,89.2372,0,3,1,1,30,0,0,0,4,1,0,2,2,6,0,1,0.389,0.45,0.558,0.2,0.2,0.4,0.13,32.92
Panchagarh,Panchagarh Bus Terminal,26.328075,88.547518,0,0,3,0,14,1,1,0,7,1,0,2,3,2,0,1,0.825,0.45,0.475,0.45,0.2,0.3,0.275,39.12
Panchagarh,Panchagarh Railway Station,26.332532,88.554121,0,0,0,0,0,0,0,0,0,0,0,0,0,0,0,0,3.0,0.45,0.35,0.0,0.0,0.0,1.0,30.75
Panchagarh,Panchagarh Sadar,26.33338,88.55777,0,0,0,2,8,2,0,0,20,0,0,3,15,3,1,3,0.373,0.45,0.433,1.0,0.0,0.833,0.124,53.24
Panchagarh,Panchagarh Sadar Hospital,26.340146,88.556365,0,0,0,0,11,0,1,0,9,0,0,0,8,2,6,3,0.877,0.45,0.35,0.5,0.0,0.533,0.292,41.67
Panchagarh,Tetulia Road,26.33338,88.55777,0,0,0,0,0,0,0,0,0,0,0,0,0,0,0,0,3.0,0.45,0.35,0.0,0.0,0.0,1.0,30.75
Patuakhali,New Market Patuakhali,22.825079,89.551495,292,0,10,1,23,2,0,0,0,4,0,1,4,1,0,7,0.4,0.9,0.808,0.1,0.8,0.233,0.133,27.71
Patuakhali,Patuakhali Bus Terminal,22.357044,90.31878,0,3,2,0,16,0,1,0,0,1,0,0,2,0,0,3,1.289,0.45,0.558,0.05,0.2,0.067,0.43,27.92
Patuakhali,Patuakhali Launch Terminal,22.358265,90.352292,0,0,0,0,0,0,0,0,0,0,0,0,0,0,0,0,3.0,0.45,0.35,0.0,0.0,0.0,1.0,30.75
Patuakhali,Patuakhali Medical College,22.363157,90.327189,0,0,1,2,23,4,5,0,1,0,0,0,1,0,2,3,0.406,0.45,0.475,0.5,0.0,0.1,0.135,31.73
Patuakhali,Patuakhali Sadar,22.25914,90.31838,0,0,0,0,7,0,10,0,2,0,0,0,0,0,0,0,3.0,0.45,0.35,0.6,0.0,0.0,1.0,42.75
Bogura,Bogura Shaheed Ziaur Rahman Medical College,24.82672,89.35267,0,0,0,0,0,0,0,0,0,0,0,0,0,0,0,0,3.0,0.45,0.35,0.0,0.0,0.0,1.0,30.75
Rajbari,Rajbari Railway Station,23.7629,89.6452,0,0,0,10,29,0,8,0,0,1,1,0,1,8,0,3,0.577,0.45,0.767,0.4,0.4,0.3,0.192,36.92
Shariatpur,Angaria Bazar,23.2114,90.3235,0,0,0,0,2,0,1,0,0,0,0,0,0,0,0,1,2.698,0.45,0.35,0.05,0.0,0.0,0.899,30.74
Pirojpur,Pirojpur Govt Suhrawardy College,23.708932,90.416467,0,2,12,15,66,3,13,1,1,0,0,3,234,25,1,26,0.347,0.45,0.85,0.9,0.0,1.0,0.116,47.41
Pirojpur,Pirojpur Launch Ghat,22.57965,89.97521,0,0,0,0,0,0,0,0,0,0,0,0,0,0,0,0,3.0,0.45,0.35,0.0,0.0,0.0,1.0,30.75
Rajbari,Goalanda Ghat,23.725822,89.763305,0,0,0,1,4,0,0,0,4,0,1,1,0,6,0,1,0.1,0.45,0.392,0.2,0.2,0.267,0.033,32.46
Rajbari,Rajbari Bus Terminal,22.684085,90.067419,0,0,0,0,0,0,3,0,0,0,0,1,0,0,0,0,3.0,0.45,0.35,0.15,0.0,0.067,1.0,34.75
Rajbari,Rajbari Sadar,23.75726,89.64632,0,0,0,7,20,0,3,0,1,0,0,0,10,6,0,3,0.293,0.45,0.642,0.2,0.0,0.533,0.098,29.35
Rajbari,Rajbari Sadar Hospital,23.755,89.65,0,0,0,0,15,0,0,0,0,0,0,0,0,4,0,3,0.675,0.45,0.35,0.0,0.0,0.133,0.225,25.0
Rajshahi,Laxmipur Rajshahi,24.37443,88.603999,0,0,0,0,0,0,0,0,0,0,0,0,0,0,0,0,3.0,0.45,0.35,0.0,0.0,0.0,1.0,30.75
Rajshahi,Rajshahi Medical College,24.372,88.586397,0,0,8,0,59,53,4,0,0,0,0,0,1,6,9,16,0.779,0.45,0.683,1.0,0.0,0.533,0.26,46.35
Rajshahi,Rajshahi Railway Station,24.374993,88.60861,0,6,4,1,73,5,0,0,3,2,1,1,3,2,0,6,0.31,0.45,0.808,0.4,0.6,0.233,0.103,38.41
Rajshahi,Rajshahi University,24.37135,88.63686,0,0,0,0,10,26,7,0,6,0,0,1,5,8,0,0,3.0,0.45,0.35,1.0,0.0,0.5,1.0,58.25
Rajshahi,Shaheb Bazar,24.37443,88.603999,0,6,5,8,62,8,0,0,4,1,1,4,3,0,0,9,0.222,0.45,0.85,0.6,0.4,0.367,0.074,39.49
Rangamati,Rangamati Bus Terminal,22.639584,92.187462,0,1,3,9,12,0,2,0,0,0,0,1,0,0,0,0,3.0,0.45,0.85,0.1,0.0,0.067,1.0,26.25
Rangamati,Rangamati General Hospital,22.657828,92.169253,0,0,0,0,12,1,0,0,1,0,0,0,5,1,2,0,3.0,0.45,0.35,0.1,0.0,0.267,1.0,36.75
Rangamati,Rangamati Reserve Bazar,22.660852,92.155507,0,0,3,0,0,0,1,0,1,0,0,0,7,0,0,0,3.0,0.45,0.475,0.1,0.0,0.233,1.0,34.38
Rangamati,Rangamati Sadar,22.758512,92.240249,0,0,0,0,0,0,0,0,0,0,0,0,0,0,0,0,3.0,0.45,0.35,0.0,0.0,0.0,1.0,30.75
Rangamati,Tabalchhari,22.758512,92.240249,0,0,0,0,0,0,0,0,0,0,0,0,0,0,0,0,3.0,0.45,0.35,0.0,0.0,0.0,1.0,30.75
Rangpur,Paira Chattar,25.98605,88.64031,0,0,0,0,2,0,0,0,6,0,0,0,0,0,0,0,3.0,0.45,0.35,0.3,0.0,0.0,1.0,36.75
Rangpur,Rangpur Central Bus Terminal,25.743527,89.232016,0,1,0,2,4,12,0,0,6,4,0,2,5,2,2,3,0.233,0.45,0.475,0.9,0.8,0.433,0.078,60.15
Rangpur,Rangpur Medical College,25.766614,89.234041,0,0,0,0,0,0,0,0,0,0,0,0,0,0,0,0,3.0,0.45,0.35,0.0,0.0,0.0,1.0,30.75
Rangpur,Rangpur Railway Station,25.716374,89.246063,0,0,1,1,9,0,1,0,3,0,0,0,4,3,1,1,1.604,0.45,0.433,0.2,0.0,0.267,0.535,32.85
Satkhira,New Market Satkhira,23.103767,89.103267,0,0,0,0,10,0,0,0,1,0,1,5,2,0,0,1,0.794,0.45,0.35,0.05,0.2,0.4,0.265,34.4
Satkhira,Satkhira Bus Terminal,23.058182,88.9994,0,0,0,0,2,0,0,0,1,0,0,0,4,0,0,0,3.0,0.45,0.35,0.05,0.0,0.133,1.0,33.75
Satkhira,Satkhira Govt College,22.710339,89.085439,0,0,1,18,4,0,0,0,0,0,0,3,2,0,0,4,1.199,0.45,0.85,0.0,0.0,0.267,0.4,21.25
Satkhira,Satkhira Sadar,22.70817,89.07185,0,1,12,31,7,0,2,0,2,0,0,7,10,0,1,4,0.374,0.45,0.85,0.2,0.0,0.833,0.125,31.0
Satkhira,Satkhira Sadar Hospital,22.73,89.03,0,0,0,0,5,0,1,0,12,0,0,0,0,0,0,0,3.0,0.45,0.35,0.65,0.0,0.0,1.0,43.75
Shariatpur,Shariatpur Govt College,23.203138,90.33729,0,1,0,0,12,0,0,0,0,0,0,0,0,2,0,1,2.085,0.45,0.392,0.0,0.0,0.067,0.695,28.07
Shariatpur,Shariatpur Sadar,23.21,90.35,0,2,0,0,19,9,2,0,0,0,0,0,0,4,5,1,0.977,0.45,0.433,0.55,0.0,0.3,0.326,38.26
Sherpur,Sherpur Sadar,25.01881,90.01751,0,3,2,13,6,0,0,0,3,0,0,3,11,7,12,1,0.371,0.45,0.85,0.15,0.0,1.0,0.124,32.49
Tangail,Nirala Mor,24.24984,89.91655,0,3,0,5,53,5,6,0,2,0,0,1,13,13,9,3,0.446,0.45,0.683,0.65,0.0,1.0,0.149,45.24
Tangail,Tangail Bus Terminal,24.26829,89.924927,0,1,0,1,43,5,1,0,0,1,0,0,2,2,11,3,0.865,0.45,0.433,0.3,0.2,0.5,0.288,39.88
Tangail,Tangail General Hospital,24.26397,89.925263,0,1,0,5,38,11,2,0,0,1,0,0,2,2,25,3,0.902,0.45,0.6,0.65,0.2,0.967,0.301,51.51
Tangail,Tangail Railway Station,24.246758,89.913734,0,0,0,0,0,0,0,0,0,0,0,0,0,0,0,0,3.0,0.45,0.35,0.0,0.0,0.0,1.0,30.75
Tangail,Tangail Sadar,24.24984,89.91655,0,3,0,5,53,5,6,0,2,0,0,1,13,13,9,3,0.446,0.45,0.683,0.65,0.0,1.0,0.149,45.24
Thakurgaon,Thakurgaon Bus Terminal,25.982627,88.264886,0,0,2,2,1,0,0,0,1,1,0,0,8,1,0,0,3.0,0.45,0.517,0.05,0.2,0.3,1.0,37.75
Thakurgaon,Thakurgaon Govt College,26.039175,88.452484,0,2,0,1,4,0,0,0,4,0,0,0,5,0,0,1,1.001,0.45,0.475,0.2,0.0,0.167,0.334,28.71
Thakurgaon,Thakurgaon Modern Sadar Hospital,26.029535,88.476383,0,2,1,0,5,0,2,1,0,0,0,1,7,0,3,1,1.622,0.45,0.475,0.15,0.0,0.4,0.541,33.28
Thakurgaon,Thakurgaon Railway Station,26.04025,88.42651,0,0,0,0,0,0,0,0,0,0,0,0,0,0,0,0,3.0,0.45,0.35,0.0,0.0,0.0,1.0,30.75
Thakurgaon,Thakurgaon Sadar,26.03097,88.46989,0,2,0,0,9,0,4,0,0,0,0,1,10,0,2,1,0.964,0.45,0.433,0.2,0.0,0.467,0.321,33.71
Sirajganj,Sirajganj Bus Terminal,24.4449,89.6946,0,0,1,0,8,1,0,0,0,0,0,0,0,0,0,2,1.593,0.45,0.392,0.05,0.0,0.0,0.531,26.44
Sylhet,Ambarkhana,24.897194,91.87024,0,1,10,3,44,4,2,0,2,0,0,4,73,8,3,2,0.732,0.45,0.85,0.4,0.0,1.0,0.244,38.69
Sunamganj,Sunamganj Bus Terminal,25.0734,91.4035,0,1,1,0,16,1,0,0,3,0,0,0,0,0,0,0,3.0,0.45,0.433,0.2,0.0,0.0,1.0,33.5
Bagerhat,Kachua Bagerhat,22.65657,89.79123,0,2,3,26,2,0,1,0,1,1,1,1,9,5,0,3,0.329,0.45,0.85,0.1,0.4,0.533,0.11,32.35
Bandarban,Ruma Bazar,22.04924,92.40925,0,0,2,0,7,0,1,0,0,0,0,0,0,2,1,0,3.0,0.45,0.433,0.05,0.0,0.1,1.0,32.0
Dhaka,Bailey Road,23.7387,90.4074,0,30,3,9,32,29,16,0,0,1,0,0,71,8,5,43,0.264,0.45,0.85,1.0,0.2,1.0,0.088,53.13
Dhaka,Farmgate,23.7576,90.3906,27,0,2,4,28,13,1,4,1,3,2,4,20,12,5,39,0.218,0.9,0.6,0.95,1.0,1.0,0.073,62.73
Dhaka,Shahbagh,23.738,90.3958,0,2,5,0,11,43,35,7,0,2,2,1,52,3,18,42,0.106,0.45,0.642,1.0,0.8,1.0,0.035,67.73
Dhaka,Dhanmondi,23.7461,90.3742,19,0,8,0,47,2,33,2,0,0,0,0,21,28,13,33,0.669,0.877,0.683,1.0,0.0,1.0,0.223,44.43
Dhaka,Mirpur 10,23.8067,90.3686,25,15,0,8,164,7,7,2,1,2,1,9,484,26,14,13,0.044,0.9,0.85,0.85,0.6,1.0,0.015,48.4
Dhaka,Mohammadpur,23.7657,90.3589,0,0,2,5,138,6,0,0,4,0,0,3,144,17,6,20,0.445,0.45,0.642,0.5,0.0,1.0,0.148,42.86
Sherpur,Sherpur Bus Terminal,24.62699,91.677764,0,0,0,4,3,0,0,0,5,1,0,0,4,0,0,0,3.0,0.45,0.517,0.25,0.2,0.133,1.0,39.25
Sherpur,Sherpur District Hospital,25.078668,90.078157,0,0,0,0,0,0,0,0,0,0,0,0,0,0,0,0,3.0,0.45,0.35,0.0,0.0,0.0,1.0,30.75
Sherpur,Sherpur Govt College,25.021136,90.011934,0,3,1,6,11,0,0,0,2,0,0,3,14,4,5,1,0.292,0.45,0.767,0.1,0.0,0.967,0.097,31.97
Sirajganj,Kodda Mor,24.45771,89.70802,0,0,4,1,30,1,2,0,0,0,0,1,4,3,3,2,0.708,0.45,0.558,0.15,0.0,0.4,0.236,28.98
Sirajganj,Sirajganj Railway Station,24.458175,89.700978,0,0,1,0,28,3,0,0,0,0,0,1,1,3,0,2,0.01,0.45,0.392,0.15,0.0,0.2,0.003,26.16
Sirajganj,Sirajganj Sadar,24.45771,89.70802,0,0,4,1,30,1,2,0,0,0,0,1,4,3,3,2,0.708,0.45,0.558,0.15,0.0,0.4,0.236,28.98
Sunamganj,Hasan Raja Museum,25.071053,91.392639,0,1,0,0,26,0,0,0,1,0,0,0,0,0,0,1,2.585,0.45,0.392,0.05,0.0,0.0,0.862,29.74
Sunamganj,Sunamganj Govt College,25.065227,91.392753,0,1,0,0,29,2,0,0,1,0,0,0,0,1,0,1,1.945,0.45,0.392,0.15,0.0,0.033,0.648,30.11
Sunamganj,Sunamganj Sadar,25.06889,91.40243,0,1,1,0,27,0,1,0,1,0,0,0,0,0,0,1,2.663,0.45,0.433,0.1,0.0,0.0,0.888,30.38
Sylhet,Bandar Bazar Sylhet,24.850564,92.140145,0,0,0,0,0,0,0,0,0,0,0,0,0,0,0,0,3.0,0.45,0.35,0.0,0.0,0.0,1.0,30.75
Sylhet,Sylhet MAG Osmani Medical College,24.900577,91.853376,0,0,0,5,65,14,1,0,1,0,0,0,0,2,2,2,0.799,0.45,0.558,0.8,0.0,0.133,0.266,38.29
Sylhet,Tilagor,24.896191,91.899531,0,1,0,1,45,4,0,0,1,1,0,2,16,6,0,1,1.135,0.45,0.433,0.25,0.2,0.867,0.378,45.28
Sylhet,Zindabazar,24.89904,91.87198,0,2,10,3,48,3,2,0,0,0,0,1,26,7,3,2,0.967,0.45,0.85,0.25,0.0,1.0,0.322,36.47
Dhaka,Uttara,23.8724,90.3953,0,0,11,11,100,1,4,0,0,0,0,1,18,3,2,8,0.806,0.45,0.85,0.25,0.0,0.833,0.269,33.44
Dhaka,Bashundhara R/A,23.8151,90.4272,0,0,0,0,0,0,0,0,0,0,0,0,0,0,0,0,3.0,0.45,0.35,0.0,0.0,0.0,1.0,30.75
Dhaka,Airport Road,23.8516,90.4086,0,0,0,1,19,48,2,5,2,3,2,0,59,1,0,7,0.155,0.45,0.392,1.0,1.0,1.0,0.052,75.64
Dhaka,Khilgaon,23.7509,90.4253,0,7,0,2,104,14,5,4,3,0,0,1,8,23,3,30,0.012,0.45,0.725,1.0,0.0,1.0,0.004,50.16
Dhaka,Malibagh,23.7471,90.4146,0,0,0,0,0,0,0,0,0,0,0,0,0,0,0,0,3.0,0.45,0.35,0.0,0.0,0.0,1.0,30.75
Dhaka,Rampura,23.7639,90.4217,0,15,5,3,118,8,6,1,0,1,0,0,28,4,0,25,0.422,0.45,0.85,0.75,0.2,1.0,0.141,48.66
Dhaka,Badda,23.7801,90.426,0,11,0,2,100,5,12,1,2,0,0,1,204,6,3,17,0.976,0.45,0.85,1.0,0.0,1.0,0.325,51.5
Dhaka,Motijheel,23.733,90.4172,0,0,0,0,0,0,0,0,0,0,0,0,0,0,0,0,3.0,0.45,0.35,0.0,0.0,0.0,1.0,30.75
Dhaka,Paltan,23.7362,90.4142,0,25,6,4,67,17,7,4,1,0,0,2,72,0,1,42,0.449,0.45,0.85,1.0,0.0,1.0,0.15,49.75
Dhaka,Wari,23.7115,90.4177,0,2,3,14,47,0,6,2,7,0,0,8,156,21,0,27,0.09,0.45,0.85,0.75,0.0,1.0,0.03,43.55
Dhaka,Jatrabari,23.7104,90.4349,0,0,0,0,0,0,0,0,0,0,0,0,0,0,0,0,3.0,0.45,0.35,0.0,0.0,0.0,1.0,30.75
Dhaka,Sadarghat,23.7104,90.4074,0,4,9,11,81,15,11,0,5,2,0,4,94,16,4,27,0.052,0.45,0.85,1.0,0.4,1.0,0.017,56.42
Dhaka,Lalbagh,23.7189,90.3881,0,0,13,5,19,42,3,0,3,0,0,0,20,6,0,27,0.681,0.45,0.85,1.0,0.0,0.867,0.227,48.52
Dhaka,New Market,23.7332,90.3857,0,0,0,0,0,0,0,0,0,0,0,0,0,0,0,0,3.0,0.45,0.35,0.0,0.0,0.0,1.0,30.75
Dhaka,Elephant Road,23.7389,90.3865,0,0,8,11,50,14,8,1,4,0,0,8,937,18,10,43,0.333,0.45,0.85,1.0,0.0,1.0,0.111,49.36
Dhaka,Tejgaon,23.7631,90.4003,0,18,6,14,9,10,4,0,5,1,0,0,4,4,1,38,0.252,0.45,0.85,0.95,0.2,0.3,0.084,41.59
Chattogram,GEC Circle,22.3597,91.8215,0,14,0,3,98,1,12,0,1,12,0,0,39,11,10,16,0.72,0.45,0.85,0.7,1.0,1.0,0.24,64.65
Chattogram,2 No Gate,22.3626,91.8239,0,21,0,2,125,1,34,0,0,0,0,1,57,12,15,17,0.354,0.45,0.85,1.0,0.0,1.0,0.118,49.43
Chattogram,Agrabad,22.3251,91.8123,0,0,2,5,35,1,58,0,8,0,0,4,43,9,3,15,1.485,0.45,0.642,1.0,0.0,1.0,0.495,56.33
Chattogram,New Market Chattogram,22.3355,91.8317,0,7,8,6,41,13,21,1,9,1,1,7,84,12,2,12,0.582,0.45,0.85,1.0,0.4,1.0,0.194,58.19
Chattogram,Chawkbazar,22.3562,91.8372,0,7,15,7,80,0,11,0,0,0,0,2,22,7,3,16,0.249,0.45,0.85,0.55,0.0,1.0,0.083,40.08
Chattogram,Anderkilla,22.3374,91.8368,0,2,16,5,46,5,17,0,8,1,0,2,26,7,1,13,0.193,0.45,0.85,1.0,0.2,1.0,0.064,52.89
Chattogram,Kotwali,22.3371,91.8376,0,0,0,0,0,0,0,0,0,0,0,0,0,0,0,0,3.0,0.45,0.35,0.0,0.0,0.0,1.0,30.75
Chattogram,Lalkhan Bazar,22.3516,91.8182,0,0,0,0,0,0,0,0,0,0,0,0,0,0,0,0,3.0,0.45,0.35,0.0,0.0,0.0,1.0,30.75
Chattogram,Muradpur,22.367,91.831,0,8,0,1,102,6,1,1,2,0,1,0,21,8,10,12,0.359,0.45,0.725,0.5,0.2,1.0,0.12,45.32
Chattogram,Bahaddarhat,22.3727,91.8447,0,4,0,6,34,0,4,1,2,0,0,2,23,0,0,9,0.275,0.45,0.767,0.35,0.0,0.9,0.092,35.92
Chattogram,Pahartali,22.3678,91.7854,0,0,0,0,0,0,0,0,0,0,0,0,0,0,0,0,3.0,0.45,0.35,0.0,0.0,0.0,1.0,30.75
Chattogram,Halishahar,22.3333,91.7817,0,0,0,5,31,15,16,1,25,0,0,1,3,4,0,12,0.906,0.45,0.558,1.0,0.0,0.3,0.302,45.15
Chattogram,EPZ Chattogram,22.2922,91.7814,0,2,0,5,13,18,8,0,0,0,0,6,33,6,0,6,0.141,0.45,0.642,1.0,0.0,1.0,0.047,51.84
Chattogram,Patenga,22.2359,91.7918,0,12,0,0,1,7,1,1,10,0,0,2,2,1,0,1,2.84,0.45,0.85,0.95,0.0,0.233,0.947,45.22
Chattogram,Karnaphuli,22.2985,91.881,0,0,0,0,3,0,8,0,23,0,0,0,1,0,0,1,1.324,0.45,0.35,1.0,0.0,0.033,0.441,45.66
Chattogram,Nasirabad,22.3732,91.8109,0,2,2,2,40,5,0,0,7,0,0,0,1,6,0,10,1.242,0.45,0.6,0.6,0.0,0.233,0.414,36.64
Chattogram,Khulshi,22.364,91.8064,0,0,2,0,36,7,7,0,7,0,0,0,3,6,2,15,0.41,0.45,0.433,1.0,0.0,0.367,0.137,46.37
Chattogram,Sholoshahar,22.366,91.82,0,12,0,0,130,0,49,0,0,0,0,1,32,7,0,14,0.401,0.45,0.85,1.0,0.0,1.0,0.134,49.59
Chattogram,Oxygen Mor,22.3847,91.8226,0,0,0,1,82,0,0,0,3,0,0,0,3,0,0,10,0.731,0.45,0.392,0.15,0.0,0.1,0.244,27.06
Chattogram,Bayezid,22.3905,91.8225,0,3,2,0,43,1,0,0,8,2,0,1,8,0,0,5,0.81,0.45,0.558,0.45,0.4,0.333,0.27,42.33
Chattogram,Akbar Shah,22.3802,91.7758,0,0,0,0,38,1,0,0,7,0,0,0,1,0,0,6,0.786,0.45,0.35,0.4,0.0,0.033,0.262,31.87
Chattogram,Foy's Lake,22.3727,91.7974,0,0,0,0,36,0,6,0,13,0,0,0,0,0,0,9,1.648,0.45,0.35,0.95,0.0,0.0,0.549,45.24
Chattogram,Tigerpass,22.3439,91.8189,0,0,0,0,0,0,0,0,0,0,0,0,0,0,0,0,3.0,0.45,0.35,0.0,0.0,0.0,1.0,30.75
Chattogram,Dewanhat,22.3334,91.8177,0,0,17,1,46,3,0,0,5,1,0,0,60,17,1,14,0.847,0.45,0.85,0.4,0.2,1.0,0.282,43.07
Chattogram,CRB,22.347,91.8214,0,7,16,3,32,17,8,3,5,0,0,0,24,3,0,18,0.765,0.45,0.85,1.0,0.0,0.9,0.255,49.3
Chattogram,Mehedibag,22.3514,91.8313,0,0,0,0,0,0,0,0,0,0,0,0,0,0,0,0,3.0,0.45,0.35,0.0,0.0,0.0,1.0,30.75
Chattogram,Panchlaish,22.3594,91.8377,0,5,15,10,95,0,12,0,0,0,0,2,26,15,11,16,0.251,0.45,0.85,0.6,0.0,1.0,0.084,41.09
Chattogram,WASA Circle,22.3573,91.8212,0,14,0,3,60,1,1,0,2,13,0,0,32,11,9,15,0.984,0.45,0.85,0.2,1.0,1.0,0.328,55.53
Chattogram,Chittagong University,22.4716,91.789,0,0,1,6,2,23,9,0,1,0,0,0,11,1,0,0,3.0,0.45,0.642,1.0,0.0,0.4,1.0,52.38
Mymensingh,Mymensingh Town Hall,24.7471,90.4203,0,8,2,1,29,2,0,0,5,3,0,0,7,3,2,1,1.424,0.45,0.808,0.35,0.6,0.4,0.475,43.62
Mymensingh,Ganginarpar,24.754,90.4072,0,0,3,9,51,0,22,0,10,2,1,3,36,9,1,2,0.656,0.45,0.85,1.0,0.6,1.0,0.219,62.44
Mymensingh,Charpara,24.742,90.407,0,0,2,2,45,25,1,0,5,0,0,0,2,7,13,1,1.82,0.45,0.517,1.0,0.0,0.733,0.607,55.32
Mymensingh,Maskanda,24.7306,90.4038,0,0,2,3,11,0,0,0,2,0,0,0,1,2,0,0,3.0,0.45,0.558,0.1,0.0,0.1,1.0,31.12
Mymensingh,Kewatkhali,24.7336,90.427,0,0,3,4,14,10,0,0,4,0,0,0,0,2,0,0,3.0,0.45,0.642,0.7,0.0,0.067,1.0,41.38
Mymensingh,Shambhuganj,24.7587,90.4552,0,1,0,0,3,0,0,0,1,0,0,0,0,0,0,0,3.0,0.45,0.392,0.05,0.0,0.0,1.0,31.12
Mymensingh,Patgudam,24.7473,90.4098,0,0,5,2,46,15,8,0,2,0,0,0,12,1,23,2,1.178,0.45,0.642,1.0,0.0,1.0,0.393,55.3
Mymensingh,BAU Campus,24.7202,90.4261,0,0,0,0,0,0,0,0,0,0,0,0,0,0,0,0,3.0,0.45,0.35,0.0,0.0,0.0,1.0,30.75
Mymensingh,Mymensingh Railway Station,24.752,90.3952,0,0,1,4,88,0,0,0,0,0,0,0,0,0,0,2,1.587,0.45,0.558,0.0,0.0,0.0,0.529,22.91
Mymensingh,Sadar Upazila,24.7539,90.4073,0,0,3,9,51,0,22,0,10,2,1,3,35,9,1,2,0.655,0.45,0.85,1.0,0.6,1.0,0.218,62.43
Mymensingh,Mymensingh Medical College,24.7437,90.4075,0,0,0,0,0,0,0,0,0,0,0,0,0,0,0,0,3.0,0.45,0.35,0.0,0.0,0.0,1.0,30.75
Mymensingh,Kachari Road,24.756,90.4077,0,0,3,11,51,1,15,0,9,2,1,3,37,9,0,2,0.5,0.45,0.85,1.0,0.6,1.0,0.167,61.92
Mymensingh,Notun Bazar,24.7522,90.4044,0,0,3,1,64,0,9,0,4,1,0,0,38,4,6,2,1.002,0.45,0.517,0.65,0.2,1.0,0.334,53.59
Mymensingh,College Road,24.7529,90.4071,0,0,2,6,47,0,22,0,10,2,1,2,37,4,6,2,0.745,0.45,0.683,1.0,0.6,1.0,0.248,65.23
Mymensingh,Akua,24.7375,90.3881,0,0,0,0,9,0,0,0,0,0,0,0,3,0,0,0,3.0,0.45,0.35,0.0,0.0,0.1,1.0,32.25
Mymensingh,Kalibari Road,24.7513,90.411,0,0,0,8,45,2,21,0,2,1,1,1,2,1,4,2,0.718,0.45,0.683,1.0,0.4,0.3,0.239,50.64
Mymensingh,Sankipara,24.7557,90.3976,0,0,5,3,82,1,0,4,2,0,0,0,11,5,1,2,1.243,0.45,0.683,0.35,0.0,0.567,0.414,35.39
Mymensingh,Kristopur,24.7503,90.3994,0,0,0,0,0,0,0,0,0,0,0,0,0,0,0,0,3.0,0.45,0.35,0.0,0.0,0.0,1.0,30.75
Mymensingh,Boro Bazar,24.7537,90.4086,0,0,3,11,48,0,24,0,9,2,1,3,34,7,0,2,0.577,0.45,0.85,1.0,0.6,1.0,0.192,62.17
Mymensingh,Zilla School Mor,24.7521,90.4105,0,0,0,0,0,0,0,0,0,0,0,0,0,0,0,0,3.0,0.45,0.35,0.0,0.0,0.0,1.0,30.75
Bagerhat,Bagerhat Bus Terminal,22.64636,89.793045,0,1,1,10,1,0,0,0,4,0,0,0,0,3,0,3,0.844,0.45,0.85,0.2,0.0,0.1,0.281,21.56
Bagerhat,Bagerhat Railway Station,22.64636,89.793045,0,1,1,10,1,0,0,0,4,0,0,0,0,3,0,3,0.844,0.45,0.85,0.2,0.0,0.1,0.281,21.56
Brahmanbaria,Brahmanbaria Railway Station,23.952855,91.116351,0,0,0,0,0,0,0,0,0,0,0,0,0,0,0,0,3.0,0.45,0.35,0.0,0.0,0.0,1.0,30.75
Chandpur,Chandpur Bus Stand,23.265305,90.753564,0,0,0,0,0,0,0,0,0,0,0,0,0,0,0,0,3.0,0.45,0.35,0.0,0.0,0.0,1.0,30.75
Chapai Nawabganj,Chapai Nawabganj Bus Terminal,24.588301,88.285887,0,0,0,2,3,0,0,0,1,2,0,0,1,2,1,3,1.196,0.45,0.433,0.05,0.4,0.133,0.399,34.49
Dinajpur,Dinajpur Medical College,25.609708,88.657449,0,3,0,1,11,8,14,0,4,0,0,1,1,0,3,0,3.0,0.45,0.517,1.0,0.0,0.2,1.0,51.25
Gaibandha,Gaibandha Bus Terminal,25.282664,89.354263,0,1,1,0,12,0,0,0,1,0,0,4,14,4,3,1,0.216,0.45,0.433,0.05,0.0,0.967,0.072,35.72
Gopalganj,Bangabandhu Sheikh Mujibur Rahman Science and Technology University,22.96587,89.817329,49,1,0,0,1,24,0,0,1,0,0,2,17,2,0,0,3.0,0.9,0.392,1.0,0.0,0.767,1.0,52.62
Jashore,Jashore Medical College,23.167894,89.209835,0,0,0,10,89,0,8,0,26,0,0,0,42,6,15,3,0.482,0.45,0.767,1.0,0.0,1.0,0.161,51.11
Jhalokati,Jhalokati Govt College,22.64943,90.19868,0,0,2,0,8,0,0,0,7,0,0,0,2,1,0,1,1.181,0.45,0.433,0.35,0.0,0.1,0.394,31.94
Natore,Kanaikhali,24.412191,88.988952,0,0,0,0,0,0,0,0,0,0,0,0,0,0,0,0,3.0,0.45,0.35,0.0,0.0,0.0,1.0,30.75
Kurigram,Kurigram Bus Terminal,25.8118,89.6341,0,0,0,2,3,2,3,0,10,1,0,0,13,1,0,0,3.0,0.45,0.433,0.75,0.2,0.467,1.0,55.5
Netrokona,Netrokona Adhunik Sadar Hospital,24.8717,90.7322,0,3,3,3,16,4,0,0,4,0,0,3,4,6,1,3,0.404,0.45,0.725,0.4,0.0,0.567,0.135,32.97
Noakhali,Noakhali Science and Technology University,22.650711,92.196229,0,0,0,0,0,0,0,0,0,0,0,0,0,0,0,0,3.0,0.45,0.35,0.0,0.0,0.0,1.0,30.75
Pirojpur,Pirojpur Bus Stand,22.57965,89.97521,0,0,3,2,15,7,0,0,4,0,0,0,0,1,1,1,0.331,0.45,0.558,0.55,0.0,0.067,0.11,30.73
Pirojpur,Pirojpur District Hospital,22.322182,89.970315,0,0,0,0,0,0,0,0,0,0,0,0,0,0,0,0,3.0,0.45,0.35,0.0,0.0,0.0,1.0,30.75
Pirojpur,Pirojpur Sadar,22.57965,89.97521,0,0,0,0,0,0,0,0,0,0,0,0,0,0,0,0,3.0,0.45,0.35,0.0,0.0,0.0,1.0,30.75
Rangpur,Jahaj Company Mor,25.749327,89.254813,0,0,2,5,20,4,1,0,1,0,0,5,13,6,1,3,0.497,0.45,0.642,0.3,0.0,1.0,0.166,39.03
Shariatpur,Shariatpur Sadar Hospital,23.211776,90.348444,0,2,0,0,22,7,2,0,0,0,0,0,0,5,5,1,0.77,0.45,0.433,0.45,0.0,0.333,0.257,36.07
Sherpur,New Market Sherpur,25.016595,90.013971,0,4,3,13,7,0,0,0,2,0,0,3,10,4,5,1,0.507,0.45,0.85,0.1,0.0,0.833,0.169,29.44
Sunamganj,Sunamganj Sadar Hospital,25.065123,91.410647,0,0,0,0,43,2,1,0,2,0,0,0,0,0,1,1,2.856,0.45,0.35,0.25,0.0,0.033,0.952,35.77
Magura,Magura Govt Huseyn Shaheed Suhrawardy College,23.4891,89.4199,0,0,0,0,0,0,0,0,0,0,0,0,0,0,0,0,3.0,0.45,0.35,0.0,0.0,0.0,1.0,30.75
Natore,Natore Modern Sadar Hospital,24.4139,88.93,0,0,0,0,0,0,0,0,0,0,0,0,0,0,0,0,3.0,0.45,0.35,0.0,0.0,0.0,1.0,30.75
Sirajganj,Sirajganj 250 Bed Bangamata Sheikh Fazilatunnesa Mujib General Hospital,24.45771,89.70802,0,0,4,1,30,1,2,0,0,0,0,1,4,3,3,2,0.708,0.45,0.558,0.15,0.0,0.4,0.236,28.98
Barishal,Rupatali Bus Terminal,22.6748,90.3482,0,0,0,0,0,0,0,0,0,0,0,0,0,0,0,0,3.0,0.45,0.35,0.0,0.0,0.0,1.0,30.75
Bandarban,Lama Bazar,21.7774,92.1949,0,0,1,2,0,0,0,0,6,1,0,1,0,1,0,1,0.718,0.45,0.475,0.3,0.2,0.1,0.239,32.77
Bandarban,Rowangchhari,22.19534,92.21946,0,4,0,0,13,0,1,0,15,0,0,1,1,6,0,1,0.334,0.45,0.517,0.8,0.0,0.3,0.111,39.86
Barguna,Amtali,22.29623,90.08884,0,0,0,0,0,0,0,0,0,0,0,0,0,0,0,1,1.627,0.45,0.35,0.0,0.0,0.0,0.542,26.17
Barguna,Bamna,22.185542,90.136217,0,0,0,0,3,0,0,0,3,0,0,0,0,0,0,0,3.0,0.45,0.35,0.15,0.0,0.0,1.0,33.75
Barguna,Betagi,22.41529,90.16333,0,0,1,0,3,0,1,0,0,0,0,0,0,0,1,0,3.0,0.45,0.392,0.05,0.0,0.033,1.0,31.62
Barguna,Patharghata,22.04349,89.97137,0,0,2,2,18,1,0,0,4,0,0,0,0,4,0,1,0.155,0.45,0.517,0.25,0.0,0.133,0.052,25.77
Barguna,Taltali,22.185542,90.136217,0,0,0,0,0,0,0,0,0,0,0,0,0,0,0,0,3.0,0.45,0.35,0.0,0.0,0.0,1.0,30.75
Barishal,Amanatganj,22.730897,90.377817,0,0,1,0,1,0,0,0,5,0,0,0,0,0,0,2,1.774,0.45,0.392,0.25,0.0,0.0,0.591,31.04
Barishal,Banglabazar Barishal,22.70497,90.37013,0,7,7,5,74,14,3,0,7,0,0,0,12,5,5,4,0.248,0.45,0.85,1.0,0.0,0.733,0.083,45.08
Barishal,C and B Road Barishal,24.368339,88.581116,0,0,3,3,54,25,9,0,0,0,0,0,0,7,15,16,0.107,0.45,0.6,1.0,0.0,0.733,0.036,48.36
Barishal,Kashipur,22.85057,90.56703,0,0,0,0,0,0,0,0,0,0,0,0,0,1,0,0,3.0,0.45,0.35,0.0,0.0,0.033,1.0,31.25
Bhola,Borhanuddin,22.68759,90.64403,0,0,0,0,0,0,0,0,0,0,0,0,0,0,0,0,3.0,0.45,0.35,0.0,0.0,0.0,1.0,30.75
Bhola,Char Fasson,22.22647,90.71275,0,0,0,0,3,0,0,0,0,0,0,0,0,1,0,0,3.0,0.45,0.35,0.0,0.0,0.033,1.0,31.25
Bhola,Daulatkhan,22.68759,90.64403,0,3,0,8,8,2,1,1,19,0,0,0,0,2,0,2,0.151,0.45,0.808,1.0,0.0,0.067,0.05,35.38
Bhola,Lalmohan,22.33774,90.73708,0,0,0,0,0,0,0,0,0,0,0,0,0,0,0,0,3.0,0.45,0.35,0.0,0.0,0.0,1.0,30.75
Bhola,Tazumuddin,22.68759,90.64403,0,3,0,8,8,2,1,1,19,0,0,0,0,2,0,2,0.151,0.45,0.808,1.0,0.0,0.067,0.05,35.38
Bogura,Banani Bogura,24.85098,89.37108,0,1,3,10,44,7,25,0,7,4,1,12,148,3,2,3,1.671,0.45,0.85,1.0,1.0,1.0,0.557,73.82
Bogura,Charmatha,24.85098,89.37108,0,0,0,0,0,0,0,0,0,0,0,0,0,0,0,0,3.0,0.45,0.35,0.0,0.0,0.0,1.0,30.75
Bogura,Dhunat,24.85098,89.37108,0,1,3,10,44,7,25,0,7,4,1,12,148,3,2,3,1.671,0.45,0.85,1.0,1.0,1.0,0.557,73.82
Bogura,Matidali,24.85098,89.37108,0,1,3,10,44,7,25,0,7,4,1,12,148,3,2,3,1.671,0.45,0.85,1.0,1.0,1.0,0.557,73.82
Bogura,Shajahanpur,24.85098,89.37108,0,1,3,10,44,7,25,0,7,4,1,12,148,3,2,3,1.671,0.45,0.85,1.0,1.0,1.0,0.557,73.82
Brahmanbaria,Ashuganj,23.944546,91.106189,0,0,0,1,0,0,0,0,0,0,0,0,0,0,0,0,3.0,0.45,0.392,0.0,0.0,0.0,1.0,30.12
Chapai Nawabganj,Kansat Bazar,24.7268,88.1705,0,0,2,1,0,0,0,0,1,0,0,2,11,0,0,0,3.0,0.45,0.475,0.05,0.0,0.5,1.0,37.38
Feni,Dagonbhuiyan,22.9644,91.3015,0,0,0,0,0,0,0,0,0,0,0,0,0,0,0,0,3.0,0.45,0.35,0.0,0.0,0.0,1.0,30.75
Brahmanbaria,Kasba,22.989113,90.220702,0,0,0,0,0,0,0,0,0,0,0,0,0,0,0,2,1.986,0.45,0.35,0.0,0.0,0.0,0.662,27.37
Brahmanbaria,Nabinagar,23.88791,90.96792,0,0,1,1,20,0,0,0,11,0,0,0,0,2,1,0,3.0,0.45,0.433,0.55,0.0,0.1,1.0,42.0
Chandpur,Faridganj,23.13559,90.7434,0,0,0,0,0,0,0,0,0,0,0,0,0,0,0,0,3.0,0.45,0.35,0.0,0.0,0.0,1.0,30.75
Chandpur,Hajiganj,23.25191,90.85508,0,3,1,0,12,0,0,0,9,0,0,0,0,0,0,0,3.0,0.45,0.517,0.45,0.0,0.0,1.0,37.25
Chandpur,Kachua Chandpur,23.19905,90.94317,0,0,0,0,0,0,0,0,1,0,0,0,0,0,0,0,3.0,0.45,0.35,0.05,0.0,0.0,1.0,31.75
Chandpur,Matlab Dakshin,23.34285,90.7257,0,0,0,0,0,0,0,0,0,0,0,0,0,0,0,0,3.0,0.45,0.35,0.0,0.0,0.0,1.0,30.75
Chandpur,Matlab Uttar,23.44888,90.63489,0,0,0,0,0,0,0,0,10,0,0,0,0,0,0,0,3.0,0.45,0.35,0.5,0.0,0.0,1.0,40.75
Chapai Nawabganj,Gomostapur,24.59895,88.28339,0,0,1,1,9,1,0,0,3,1,1,0,7,0,0,3,1.251,0.45,0.433,0.2,0.4,0.233,0.417,39.17
Chapai Nawabganj,Nachole,24.59895,88.28339,0,0,0,0,0,0,0,0,0,0,0,0,0,0,0,0,3.0,0.45,0.35,0.0,0.0,0.0,1.0,30.75
Chapai Nawabganj,Rohanpur,24.59895,88.28339,0,0,1,1,9,1,0,0,3,1,1,0,7,0,0,3,1.251,0.45,0.433,0.2,0.4,0.233,0.417,39.17
Chapai Nawabganj,Shibganj,24.59895,88.28339,0,0,1,1,9,1,0,0,3,1,1,0,7,0,0,3,1.251,0.45,0.433,0.2,0.4,0.233,0.417,39.17
Chuadanga,Alamdanga,23.75946,88.95753,0,0,0,0,0,0,0,0,0,0,0,0,0,0,0,0,3.0,0.45,0.35,0.0,0.0,0.0,1.0,30.75
Chuadanga,Damurhuda,23.64299,88.85291,0,4,0,0,26,0,0,0,10,0,0,0,0,0,0,1,0.891,0.45,0.517,0.5,0.0,0.0,0.297,31.22
Chuadanga,Darshana,23.64299,88.85291,0,4,0,0,26,0,0,0,10,0,0,0,0,0,0,1,0.891,0.45,0.517,0.5,0.0,0.0,0.297,31.22
Chuadanga,Jibannagar,23.64299,88.85291,0,4,0,0,26,0,0,0,10,0,0,0,0,0,0,1,0.891,0.45,0.517,0.5,0.0,0.0,0.297,31.22
Chuadanga,Sarojganj,23.64299,88.85291,0,0,0,0,0,0,0,0,0,0,0,0,0,0,0,0,3.0,0.45,0.35,0.0,0.0,0.0,1.0,30.75
Cox's Bazar,Chakaria,21.76459,92.07612,0,0,1,0,12,0,0,0,1,0,0,4,34,2,6,2,0.257,0.45,0.392,0.05,0.0,1.0,0.086,36.98
Cox's Bazar,Maheshkhali,21.55411,91.97067,0,0,0,0,0,0,0,0,1,0,0,0,0,0,0,0,3.0,0.45,0.35,0.05,0.0,0.0,1.0,31.75
Cox's Bazar,Ramu,21.325242,92.094764,0,0,0,0,13,0,2,0,0,0,0,0,0,0,0,0,3.0,0.45,0.35,0.1,0.0,0.0,1.0,32.75
Cox's Bazar,Teknaf,20.86382,92.30153,0,0,3,3,33,2,1,0,1,0,0,1,1,0,0,0,3.0,0.45,0.6,0.2,0.0,0.1,1.0,32.5
Cox's Bazar,Ukhiya,21.245,92.13752,0,0,0,2,21,0,7,0,0,0,0,1,0,0,0,0,3.0,0.45,0.433,0.35,0.0,0.067,1.0,37.5
Cumilla,Burichang,23.5534,91.12901,0,0,1,0,9,1,0,0,1,0,0,0,0,0,1,0,3.0,0.45,0.392,0.1,0.0,0.033,1.0,32.62
Cumilla,Chandina,23.49067,91.01227,0,0,0,0,11,0,0,0,0,0,0,0,0,0,0,0,3.0,0.45,0.35,0.0,0.0,0.0,1.0,30.75
Cumilla,Daudkandi,23.53546,90.71255,0,0,0,2,21,0,0,0,11,0,0,0,0,0,0,1,1.125,0.45,0.433,0.55,0.0,0.0,0.375,34.25
Cumilla,Debidwar,23.6625,91.00028,0,0,0,0,0,0,0,0,0,0,0,0,0,0,0,0,3.0,0.45,0.35,0.0,0.0,0.0,1.0,30.75
Cumilla,Laksham,23.4417,91.00987,0,0,0,0,11,0,0,0,1,0,0,0,0,0,0,0,3.0,0.45,0.35,0.05,0.0,0.0,1.0,31.75
Dinajpur,Birampur,25.38909,88.99331,0,3,1,1,26,0,5,0,8,2,0,0,95,0,1,1,0.382,0.45,0.558,0.65,0.4,1.0,0.127,54.9
Dinajpur,Kaharol,25.62745,88.63779,0,7,2,7,37,0,5,0,1,0,0,0,4,7,3,1,0.984,0.45,0.85,0.3,0.0,0.467,0.328,29.53
Dinajpur,Parbatipur,25.66369,88.93093,0,1,0,0,2,0,0,0,0,0,0,0,0,0,0,1,2.466,0.45,0.392,0.0,0.0,0.0,0.822,28.34
Dinajpur,Setabganj,25.79893,88.46126,0,0,3,2,42,0,0,0,2,1,1,0,0,0,0,0,3.0,0.45,0.558,0.1,0.4,0.0,1.0,37.62
Faridpur,Bhanga,23.60612,89.84064,40,0,0,3,17,0,0,0,0,0,0,3,7,2,8,1,0.69,0.9,0.475,0.0,0.0,0.767,0.23,23.68
Faridpur,Boalmari,23.39212,89.68308,0,2,0,2,0,0,0,0,4,0,0,0,0,0,1,0,3.0,0.45,0.517,0.2,0.0,0.033,1.0,32.75
Faridpur,Madhukhali,23.5471,89.62786,0,0,1,2,3,0,0,0,0,0,1,1,10,0,1,0,3.0,0.45,0.475,0.0,0.2,0.433,1.0,39.38
Faridpur,Nagarkanda,23.60612,89.84064,40,0,0,3,17,0,0,0,0,0,0,3,7,2,8,1,0.69,0.9,0.475,0.0,0.0,0.767,0.23,23.68
Faridpur,Sadarpur,23.60612,89.84064,40,0,0,3,17,0,0,0,0,0,0,3,7,2,8,1,0.69,0.9,0.475,0.0,0.0,0.767,0.23,23.68
Feni,Chhagalnaiya,23.02475,91.51092,0,0,1,0,4,0,0,0,0,0,0,0,0,0,0,0,3.0,0.45,0.392,0.0,0.0,0.0,1.0,30.12
Feni,Parshuram,23.21138,91.46864,0,0,0,0,0,0,0,0,3,0,0,0,0,0,0,1,2.45,0.45,0.35,0.15,0.0,0.0,0.817,31.92
Feni,Sonagazi,22.81935,91.42191,0,0,0,0,0,0,0,0,0,0,0,0,0,0,0,0,3.0,0.45,0.35,0.0,0.0,0.0,1.0,30.75
Gaibandha,Fulchhari,25.3293,89.5438,0,2,2,6,11,0,0,0,2,1,1,0,0,3,0,0,3.0,0.45,0.767,0.1,0.4,0.1,1.0,36.0
Gaibandha,Gobindaganj,25.13333,89.39167,0,0,0,0,1,0,0,0,12,0,0,3,22,2,5,1,0.714,0.45,0.35,0.6,0.0,1.0,0.238,50.13
Gaibandha,Palashbari,25.287401,89.35043,0,0,0,0,0,0,0,0,0,0,0,0,0,0,0,0,3.0,0.45,0.35,0.0,0.0,0.0,1.0,30.75
Gaibandha,Sadullapur,25.39137,89.46471,0,0,1,4,1,0,0,0,3,0,0,0,0,0,1,0,3.0,0.45,0.558,0.15,0.0,0.033,1.0,31.12
Gaibandha,Sundarganj,25.56799,89.52223,0,0,0,4,12,0,1,0,0,0,0,0,1,0,0,0,3.0,0.45,0.517,0.05,0.0,0.033,1.0,29.75
Gazipur,Kaliakair,24.126097,90.472114,0,0,0,0,3,0,0,0,1,0,0,0,0,0,0,0,3.0,0.45,0.35,0.05,0.0,0.0,1.0,31.75
Gazipur,Kaliganj Gazipur,23.79762,90.64354,0,0,0,0,10,0,0,0,3,0,0,0,0,0,0,0,3.0,0.45,0.35,0.15,0.0,0.0,1.0,33.75
Gazipur,Kapasia,24.11404,90.56148,0,6,1,0,1,0,1,0,1,0,0,0,0,0,0,0,3.0,0.45,0.642,0.1,0.0,0.0,1.0,28.38
Gazipur,Mawna,24.22065,90.41723,0,1,2,0,5,0,0,0,0,0,0,6,23,1,2,2,0.515,0.45,0.475,0.0,0.0,1.0,0.172,35.59
Gazipur,Sreepur,24.126097,90.472114,0,0,0,0,0,0,0,0,0,0,0,0,0,0,0,0,3.0,0.45,0.35,0.0,0.0,0.0,1.0,30.75
Gopalganj,Bhatiapara,23.01018,89.83278,0,1,0,1,30,0,0,0,4,0,0,0,0,1,0,2,2.096,0.45,0.433,0.2,0.0,0.033,0.699,30.99
Gopalganj,Kashiani,23.01018,89.83278,0,1,0,1,30,0,0,0,4,0,0,0,0,1,0,2,2.096,0.45,0.433,0.2,0.0,0.033,0.699,30.99
Gopalganj,Kotalipara,23.01018,89.83278,0,0,0,0,0,0,0,0,0,0,0,0,0,0,0,0,3.0,0.45,0.35,0.0,0.0,0.0,1.0,30.75
Gopalganj,Muksudpur,23.01018,89.83278,0,1,0,1,30,0,0,0,4,0,0,0,0,1,0,2,2.096,0.45,0.433,0.2,0.0,0.033,0.699,30.99
Gopalganj,Tungipara,22.89983,89.90326,0,0,0,0,0,0,0,0,0,0,0,0,0,0,0,0,3.0,0.45,0.35,0.0,0.0,0.0,1.0,30.75
Habiganj,Bahubal,24.38044,91.413,0,1,0,4,35,0,0,0,3,0,0,0,2,1,0,2,0.855,0.45,0.558,0.15,0.0,0.1,0.285,24.98
Habiganj,Chunarughat,24.38044,91.413,0,1,0,4,35,0,0,0,3,0,0,0,2,1,0,2,0.855,0.45,0.558,0.15,0.0,0.1,0.285,24.98
Habiganj,Lakhai,24.38044,91.413,0,1,0,4,35,0,0,0,3,0,0,0,2,1,0,2,0.855,0.45,0.558,0.15,0.0,0.1,0.285,24.98
Habiganj,Nabiganj,24.56667,91.51667,0,3,1,1,9,0,1,0,1,0,0,1,0,0,1,0,3.0,0.45,0.558,0.1,0.0,0.1,1.0,31.12
Jamalpur,Dewanganj,25.14236,89.76215,0,0,0,1,4,1,0,0,1,0,0,0,0,0,0,2,2.441,0.45,0.392,0.1,0.0,0.0,0.814,30.26
Jamalpur,Islampur Jamalpur,24.91965,89.94812,0,0,0,0,0,0,0,0,0,0,0,0,0,0,0,0,3.0,0.45,0.35,0.0,0.0,0.0,1.0,30.75
Jamalpur,Madarganj,24.91965,89.94812,0,8,3,0,16,0,0,0,4,0,0,1,11,3,1,0,3.0,0.45,0.808,0.2,0.0,0.567,1.0,36.38
Jamalpur,Melandaha,24.91965,89.94812,0,8,3,0,16,0,0,0,4,0,0,1,11,3,1,0,3.0,0.45,0.808,0.2,0.0,0.567,1.0,36.38
Jamalpur,Sarishabari,24.75127,89.83126,0,0,0,0,0,0,0,0,0,0,0,0,0,0,0,0,3.0,0.45,0.35,0.0,0.0,0.0,1.0,30.75
Jashore,Bagharpara,24.045958,90.032723,0,0,0,0,2,0,4,0,1,0,0,0,0,0,0,0,3.0,0.45,0.35,0.25,0.0,0.0,1.0,35.75
Jashore,Benapole Land Port,23.045741,88.905813,0,0,0,0,27,0,1,0,3,0,1,0,10,1,0,0,3.0,0.45,0.35,0.2,0.2,0.367,1.0,44.25
Jashore,Jhikargacha,23.11134,89.09061,0,0,0,0,4,0,0,0,2,0,0,0,0,0,0,1,1.434,0.45,0.35,0.1,0.0,0.0,0.478,27.53
Jashore,Keshabpur,22.90725,89.21954,0,0,0,0,0,0,0,0,0,0,0,0,0,0,0,0,3.0,0.45,0.35,0.0,0.0,0.0,1.0,30.75
Jashore,Manirampur,25.39555,89.11793,0,0,1,1,12,0,0,0,2,0,0,0,0,1,0,0,3.0,0.45,0.433,0.1,0.0,0.033,1.0,32.0
Jhalokati,Gabkhan Bridge,22.641212,90.179118,0,0,0,0,0,1,2,0,4,0,0,0,0,0,0,1,1.925,0.45,0.35,0.35,0.0,0.0,0.642,34.17
Jhalokati,Kathalia,22.559352,90.139273,0,1,0,0,0,0,0,0,0,0,0,0,0,1,0,1,1.254,0.45,0.392,0.0,0.0,0.033,0.418,24.8
Jhalokati,Nalchity,22.559352,90.139273,0,1,0,0,0,0,0,0,0,0,0,0,0,1,0,1,1.254,0.45,0.392,0.0,0.0,0.033,0.418,24.8
Jhalokati,Rajapur Jhalokati,22.62674,90.20637,0,0,2,0,0,0,0,0,1,0,0,0,0,0,0,1,1.614,0.45,0.433,0.05,0.0,0.0,0.538,25.88
Jhalokati,Saturia Jhalokati,22.58909,90.06434,0,0,0,0,3,0,0,0,0,0,0,0,0,0,0,0,3.0,0.45,0.35,0.0,0.0,0.0,1.0,30.75
Jhenaidah,Kaliganj Jhenaidah,23.502088,89.122619,0,0,0,0,4,0,0,0,0,0,0,0,0,0,0,0,3.0,0.45,0.35,0.0,0.0,0.0,1.0,30.75
Jhenaidah,Kotchandpur,23.502088,89.122619,0,0,0,0,4,0,0,0,0,0,0,0,0,0,0,0,3.0,0.45,0.35,0.0,0.0,0.0,1.0,30.75
Narail,Kalia,23.043,89.63094,0,0,0,0,0,0,0,0,0,0,0,0,0,0,0,0,3.0,0.45,0.35,0.0,0.0,0.0,1.0,30.75
Jhenaidah,Maheshpur,23.35291,88.91222,0,0,0,4,11,1,0,0,0,0,0,1,4,1,0,1,0.676,0.45,0.517,0.05,0.0,0.233,0.225,25.0
Jhenaidah,Shailkupa,23.68395,89.2422,0,0,0,3,15,0,0,0,0,0,0,0,0,0,1,0,3.0,0.45,0.475,0.0,0.0,0.033,1.0,29.38
Joypurhat,Akkelpur,24.96775,88.95872,0,0,1,0,1,0,0,0,0,0,0,0,0,1,0,0,3.0,0.45,0.392,0.0,0.0,0.033,1.0,30.62
Joypurhat,Kalai,25.068648,89.13536,0,1,0,0,0,0,0,0,0,0,0,1,0,0,0,1,2.728,0.45,0.392,0.0,0.0,0.067,0.909,30.22
Joypurhat,Khetlal,25.09446,89.02286,0,0,0,0,13,0,0,0,2,0,0,0,0,2,0,3,0.597,0.45,0.35,0.1,0.0,0.067,0.199,25.74
Joypurhat,Panchbibi,25.19069,89.02213,0,0,2,1,1,0,0,0,1,0,1,0,0,0,0,0,3.0,0.45,0.475,0.05,0.2,0.0,1.0,33.88
Khagrachhari,Dighinala,23.177845,91.962337,0,0,0,0,0,0,0,0,0,0,0,0,0,0,0,0,3.0,0.45,0.35,0.0,0.0,0.0,1.0,30.75
Khagrachhari,Manikchhari,23.10787,91.97007,0,0,0,0,0,0,0,0,0,0,0,0,0,0,0,0,3.0,0.45,0.35,0.0,0.0,0.0,1.0,30.75
Khagrachhari,Matiranga,23.12194,91.87667,0,0,0,0,0,0,0,0,0,0,0,0,0,0,0,0,3.0,0.45,0.35,0.0,0.0,0.0,1.0,30.75
Khagrachhari,Panchhari,23.10787,91.97007,0,2,0,0,1,0,0,0,0,0,0,0,0,0,0,1,3.084,0.45,0.433,0.0,0.0,0.0,1.0,29.5
Khagrachhari,Ramgarh,22.97028,91.79667,0,0,0,0,0,0,0,0,0,0,0,0,0,0,0,0,3.0,0.45,0.35,0.0,0.0,0.0,1.0,30.75
Khulna,Boyra,22.82813,89.543382,0,2,0,0,41,11,0,0,0,0,0,0,0,0,2,6,1.224,0.45,0.433,0.55,0.0,0.067,0.408,35.58
Khulna,Daulatpur Khulna,22.837283,89.540056,0,0,2,0,19,5,0,0,0,1,0,0,0,1,1,4,1.044,0.45,0.433,0.25,0.2,0.067,0.348,32.98
Khulna,Gollamari,22.837283,89.540056,0,0,2,0,19,5,0,0,0,1,0,0,0,1,1,4,1.044,0.45,0.433,0.25,0.2,0.067,0.348,32.98
Khulna,Moylapota,22.812412,89.557742,112,0,6,5,52,1,1,0,2,3,0,0,2,3,2,6,0.0,0.9,0.808,0.2,0.6,0.233,0.0,24.38
Khulna,Rupsha,22.801856,89.579403,35,4,0,3,25,9,1,0,4,3,0,0,2,1,0,4,0.731,0.9,0.642,0.7,0.6,0.1,0.244,37.31
Kishoreganj,Bhairab Bazar,24.0524,90.9764,0,0,0,0,16,0,0,0,0,0,1,0,0,0,3,1,0.346,0.45,0.35,0.0,0.2,0.1,0.115,27.4
Kishoreganj,Hossainpur,23.94328,90.7559,0,0,0,0,6,1,1,0,4,0,0,0,0,0,0,0,3.0,0.45,0.35,0.3,0.0,0.0,1.0,36.75
Kishoreganj,Karimganj,24.46778,90.87045,0,0,0,6,12,0,0,0,5,0,0,2,5,4,1,1,0.342,0.45,0.6,0.25,0.0,0.467,0.114,30.14
Kishoreganj,Katiadi,24.43944,90.78291,0,1,4,3,16,0,1,0,9,0,0,1,4,3,0,2,0.307,0.45,0.683,0.5,0.0,0.3,0.102,31.27
Kishoreganj,Pakundia,24.43944,90.78291,0,1,4,3,16,0,1,0,9,0,0,1,4,3,0,2,0.307,0.45,0.683,0.5,0.0,0.3,0.102,31.27
Kurigram,Bhurungamari,26.11982,89.6677,0,0,0,1,9,0,1,0,1,0,0,0,0,1,1,1,1.186,0.45,0.392,0.1,0.0,0.067,0.395,27.08
Kurigram,Chilmari,25.55613,89.67097,0,0,0,0,1,0,0,0,8,0,0,0,0,1,0,0,3.0,0.45,0.35,0.4,0.0,0.033,1.0,39.25
Kurigram,Rajarhat,25.760116,89.677476,0,0,0,0,0,0,1,0,3,0,0,0,0,0,0,0,3.0,0.45,0.35,0.2,0.0,0.0,1.0,34.75
Kurigram,Rowmari,25.760116,89.677476,0,0,0,0,0,0,1,0,3,0,0,0,0,0,0,0,3.0,0.45,0.35,0.2,0.0,0.0,1.0,34.75
Kurigram,Ulipur,25.65902,89.61829,0,3,1,2,21,0,1,0,2,0,0,0,0,2,0,0,3.0,0.45,0.6,0.15,0.0,0.067,1.0,31.0
Kushtia,Bheramara,24.02452,88.99234,0,0,0,4,7,0,0,0,3,0,1,0,0,0,0,0,3.0,0.45,0.517,0.15,0.2,0.0,1.0,35.25
Kushtia,Islamic University Kushtia,23.721424,89.151715,0,0,0,1,0,37,1,0,1,1,0,0,9,1,2,1,0.226,0.45,0.392,1.0,0.2,0.4,0.075,50.88
Kushtia,Khoksa,23.9028,89.11943,0,0,0,0,28,0,1,0,4,0,0,1,3,5,2,3,0.417,0.45,0.35,0.25,0.0,0.4,0.139,33.14
Kushtia,Kumarkhali,23.86132,89.24197,0,1,0,0,13,0,1,0,1,0,1,0,0,0,0,0,3.0,0.45,0.392,0.1,0.2,0.0,1.0,36.12
Kushtia,Mirpur Kushtia,23.9028,89.11943,0,0,0,0,0,0,0,0,0,0,0,0,0,0,0,0,3.0,0.45,0.35,0.0,0.0,0.0,1.0,30.75
Lakshmipur,Chandragonj,22.9443,90.83005,0,5,0,0,25,0,0,0,2,0,0,1,1,0,0,0,3.0,0.45,0.558,0.1,0.0,0.1,1.0,31.12
Lakshmipur,Kamalnagar,22.9443,90.83005,0,5,0,0,25,0,0,0,2,0,0,1,1,0,0,0,3.0,0.45,0.558,0.1,0.0,0.1,1.0,31.12
Lakshmipur,Raipur Lakshmipur,22.9443,90.83005,0,5,0,0,25,0,0,0,2,0,0,1,1,0,0,0,3.0,0.45,0.558,0.1,0.0,0.1,1.0,31.12
Lakshmipur,Ramganj,23.1006,90.84989,0,0,0,0,0,0,0,0,0,0,0,0,0,0,0,0,3.0,0.45,0.35,0.0,0.0,0.0,1.0,30.75
Lakshmipur,Ramgati,22.9443,90.83005,0,5,0,0,25,0,0,0,2,0,0,1,1,0,0,0,3.0,0.45,0.558,0.1,0.0,0.1,1.0,31.12
Lalmonirhat,Aditmari,25.92537,89.35502,0,0,0,0,8,0,0,0,0,0,0,0,0,0,0,1,0.946,0.45,0.35,0.0,0.0,0.0,0.315,23.9
Munshiganj,Tongibari,23.53395,90.484545,0,3,0,1,4,2,0,0,0,0,0,0,0,0,0,1,3.016,0.45,0.517,0.1,0.0,0.0,1.0,30.25
Naogaon,Atrai,24.915542,88.727758,0,0,0,0,0,0,0,0,0,0,0,0,0,0,0,0,3.0,0.45,0.35,0.0,0.0,0.0,1.0,30.75
Naogaon,Badalgachhi,24.96777,88.90737,0,0,0,0,0,0,0,0,0,0,0,0,0,0,0,0,3.0,0.45,0.35,0.0,0.0,0.0,1.0,30.75
Naogaon,Manda,24.915542,88.727758,0,0,0,0,0,0,0,0,0,0,0,0,0,0,0,0,3.0,0.45,0.35,0.0,0.0,0.0,1.0,30.75
Naogaon,Patnitala,24.78333,88.68333,0,0,0,0,0,0,0,0,0,0,0,0,0,0,0,0,3.0,0.45,0.35,0.0,0.0,0.0,1.0,30.75
Naogaon,Raninagar,24.73978,88.9639,0,2,2,0,0,0,1,0,0,0,0,0,2,3,2,2,0.39,0.45,0.517,0.05,0.0,0.233,0.13,24.05
Narail,Lohagara Narail,23.15509,89.49515,0,0,0,1,3,0,0,0,0,0,0,0,0,1,0,1,2.142,0.45,0.392,0.0,0.0,0.033,0.714,27.77
Manikganj,Paturia Ferry Terminal,23.78658,89.81052,0,0,1,2,0,6,0,0,1,0,0,0,1,0,0,2,0.292,0.45,0.475,0.35,0.0,0.033,0.097,27.35
Lalmonirhat,Hatibandha,26.12494,89.14081,0,0,0,0,6,0,0,0,3,2,2,1,6,1,0,1,0.097,0.45,0.35,0.15,0.8,0.3,0.032,44.57
Lalmonirhat,Kaliganj Lalmonirhat,25.91719,89.44595,0,3,5,8,8,2,2,0,0,0,0,0,3,2,0,2,1.653,0.45,0.85,0.2,0.0,0.167,0.551,25.26
Lalmonirhat,Patgram,26.34876,89.03518,0,0,0,1,10,0,0,0,1,0,0,0,0,0,0,1,1.352,0.45,0.392,0.05,0.0,0.0,0.451,25.63
Madaripur,Kalkini,23.1,90.26667,0,0,0,0,0,0,0,0,0,0,0,0,0,0,0,0,3.0,0.45,0.35,0.0,0.0,0.0,1.0,30.75
Madaripur,Mostafapur,23.17097,90.20935,0,1,1,1,12,0,0,0,0,1,0,0,1,3,2,0,3.0,0.45,0.475,0.0,0.2,0.2,1.0,35.88
Madaripur,Rajoir,23.20693,90.05052,0,0,0,0,13,0,0,0,0,0,0,0,0,1,1,0,3.0,0.45,0.35,0.0,0.0,0.067,1.0,31.75
Madaripur,Shibchar,23.33461,90.18696,0,0,0,0,0,0,0,0,0,0,0,0,0,0,0,0,3.0,0.45,0.35,0.0,0.0,0.0,1.0,30.75
Madaripur,Takerhat,23.17097,90.20935,0,1,1,1,12,0,0,0,0,1,0,0,1,3,2,0,3.0,0.45,0.475,0.0,0.2,0.2,1.0,35.88
Magura,Arpara,23.405385,89.416036,0,0,0,0,0,0,0,0,0,0,0,0,0,0,0,0,3.0,0.45,0.35,0.0,0.0,0.0,1.0,30.75
Magura,Langalbadh,23.666337,89.366377,0,0,0,0,0,0,0,0,0,0,0,0,0,0,0,0,3.0,0.45,0.35,0.0,0.0,0.0,1.0,30.75
Magura,Mohammadpur Magura,23.48702,89.41592,0,0,1,0,7,0,0,0,4,0,0,1,3,5,0,0,3.0,0.45,0.392,0.2,0.0,0.333,1.0,39.12
Magura,Shalikha,23.34,89.36,0,0,0,0,0,0,0,0,0,0,0,0,0,0,0,0,3.0,0.45,0.35,0.0,0.0,0.0,1.0,30.75
Magura,Sreepur Magura,23.60166,89.41392,0,0,0,0,0,0,0,0,1,0,0,0,0,0,0,0,3.0,0.45,0.35,0.05,0.0,0.0,1.0,31.75
Manikganj,Ghior,23.89926,89.87138,0,0,0,5,0,0,0,0,0,0,0,0,0,0,0,0,3.0,0.45,0.558,0.0,0.0,0.0,1.0,27.62
Manikganj,Saturia Manikganj,23.85768,90.00957,0,0,0,5,18,0,0,0,5,0,0,1,0,3,2,3,0.828,0.45,0.558,0.25,0.0,0.233,0.276,28.88
Manikganj,Shibalaya,23.85768,90.00957,0,0,0,5,18,0,0,0,5,0,0,1,0,3,2,3,0.828,0.45,0.558,0.25,0.0,0.233,0.276,28.88
Manikganj,Singair,23.81285,90.14276,0,1,0,1,4,0,0,0,13,0,0,0,0,0,0,0,3.0,0.45,0.433,0.65,0.0,0.0,1.0,42.5
Meherpur,Amjhupi,23.74307,88.68496,0,1,0,1,11,0,0,0,0,0,0,0,0,0,0,0,3.0,0.45,0.433,0.0,0.0,0.0,1.0,29.5
Meherpur,Bamundi,23.77687,88.63033,0,0,4,3,36,0,1,0,1,0,0,1,2,2,0,1,0.511,0.45,0.642,0.1,0.0,0.2,0.17,23.08
Meherpur,Gangni,23.81285,88.75436,0,0,0,0,0,0,0,0,0,0,0,0,0,0,0,0,3.0,0.45,0.35,0.0,0.0,0.0,1.0,30.75
Meherpur,Kathuli,23.86183,88.66383,0,0,0,0,10,0,0,0,0,0,0,0,0,0,0,0,3.0,0.45,0.35,0.0,0.0,0.0,1.0,30.75
Meherpur,Mujibnagar,23.65003,88.59804,0,2,0,0,5,3,0,1,1,0,0,0,1,0,0,0,3.0,0.45,0.433,0.25,0.0,0.033,1.0,35.0
Moulvibazar,Barlekha,24.481265,91.858094,0,0,0,0,0,0,0,0,0,0,0,0,0,0,0,0,3.0,0.45,0.35,0.0,0.0,0.0,1.0,30.75
Moulvibazar,Juri,24.531019,92.230029,0,1,0,0,2,2,1,0,2,0,0,0,0,0,0,0,3.0,0.45,0.392,0.25,0.0,0.0,1.0,35.12
Moulvibazar,Kamalganj,24.481265,91.858094,0,0,0,0,0,0,0,0,0,0,0,0,0,0,0,0,3.0,0.45,0.35,0.0,0.0,0.0,1.0,30.75
Moulvibazar,Kulaura,24.517759,91.861529,0,0,0,0,0,0,0,0,0,0,0,0,0,0,0,0,3.0,0.45,0.35,0.0,0.0,0.0,1.0,30.75
Munshiganj,Gazaria,23.17886,89.97853,0,0,0,0,0,0,0,0,3,0,0,0,0,0,0,0,3.0,0.45,0.35,0.15,0.0,0.0,1.0,33.75
Munshiganj,Lohajang,23.45,90.35,0,0,0,0,0,0,0,0,0,0,0,0,0,0,0,0,3.0,0.45,0.35,0.0,0.0,0.0,1.0,30.75
Munshiganj,Sirajdikhan,23.539816,90.337788,0,0,0,0,0,0,0,0,0,0,0,0,0,0,0,0,3.0,0.45,0.35,0.0,0.0,0.0,1.0,30.75
Munshiganj,Sreenagar,23.539816,90.337788,0,0,0,1,2,0,0,0,0,0,0,0,0,0,0,0,3.0,0.45,0.392,0.0,0.0,0.0,1.0,30.12
Narail,Maijpara,23.15509,89.49515,0,0,0,1,3,0,0,0,0,0,0,0,0,1,0,1,2.142,0.45,0.392,0.0,0.0,0.033,0.714,27.77
Narail,Tularampur,23.15509,89.49515,0,0,0,0,0,0,0,0,0,0,0,0,0,0,0,0,3.0,0.45,0.35,0.0,0.0,0.0,1.0,30.75
Narayanganj,Fatullah,23.63816,90.49097,0,2,0,5,21,0,0,0,0,0,0,0,4,0,0,3,1.815,0.45,0.642,0.0,0.0,0.133,0.605,24.43
Narayanganj,Rupganj,23.61352,90.50298,0,0,2,2,34,21,41,2,1,5,0,6,31,1,0,2,0.271,0.45,0.517,1.0,1.0,1.0,0.09,74.15
Narayanganj,Siddhirganj,23.61352,90.50298,0,0,0,0,0,0,0,0,0,0,0,0,0,0,0,0,3.0,0.45,0.35,0.0,0.0,0.0,1.0,30.75
Narayanganj,Sonargaon,23.65,90.61667,0,0,2,0,17,1,0,0,1,0,0,0,0,1,0,1,0.803,0.45,0.433,0.1,0.0,0.033,0.268,24.68
Narsingdi,Belabo,24.1035,90.84581,0,0,2,0,3,0,1,0,1,0,0,0,0,0,0,0,3.0,0.45,0.433,0.1,0.0,0.0,1.0,31.5
Narsingdi,Monohardi,23.92298,90.71768,0,0,0,0,0,0,0,0,0,0,0,0,0,0,0,0,3.0,0.45,0.35,0.0,0.0,0.0,1.0,30.75
Narsingdi,Palash,23.95,90.625,0,0,0,0,1,0,0,0,0,0,0,0,0,0,0,0,3.0,0.45,0.35,0.0,0.0,0.0,1.0,30.75
Narsingdi,Raipura,23.92298,90.71768,0,4,0,2,38,0,0,0,4,0,0,1,2,1,1,1,2.795,0.45,0.6,0.2,0.0,0.2,0.932,33.32
Narsingdi,Shibpur,24.0394,90.73917,0,7,1,7,18,11,0,0,4,0,0,0,0,2,0,1,0.021,0.45,0.85,0.75,0.0,0.067,0.007,29.32
Natore,Bagatipara,24.41112,88.98673,0,0,0,0,13,6,0,0,6,0,0,6,25,1,1,7,0.389,0.45,0.35,0.6,0.0,1.0,0.13,49.05
Natore,Baraigram,24.26,89.12,0,0,0,0,0,0,0,0,0,0,0,0,0,0,0,0,3.0,0.45,0.35,0.0,0.0,0.0,1.0,30.75
Natore,Gurudaspur,24.41112,88.98673,0,0,0,0,0,0,0,0,0,0,0,0,0,0,0,0,3.0,0.45,0.35,0.0,0.0,0.0,1.0,30.75
Natore,Lalpur,24.41112,88.98673,0,0,0,0,13,6,0,0,6,0,0,6,25,1,1,7,0.389,0.45,0.35,0.6,0.0,1.0,0.13,49.05
Natore,Singra,24.50257,89.14624,0,0,1,1,5,0,1,0,9,3,0,7,11,4,0,1,0.583,0.45,0.433,0.5,0.6,0.967,0.194,57.94
Netrokona,Durgapur Netrokona,24.6923,90.82427,0,0,0,0,1,0,0,0,1,0,0,0,0,0,0,0,3.0,0.45,0.35,0.05,0.0,0.0,1.0,31.75
Netrokona,Kalmakanda,25.00108,90.80773,0,0,0,0,2,0,0,0,3,0,0,0,0,0,0,0,3.0,0.45,0.35,0.15,0.0,0.0,1.0,33.75
Netrokona,Kendua,24.66209,90.84303,10,0,3,7,45,5,9,0,13,1,0,1,40,6,0,1,0.109,0.675,0.767,1.0,0.2,1.0,0.036,49.36
Netrokona,Mohanganj,24.87564,90.97773,0,3,0,5,10,1,0,1,20,0,0,0,6,3,0,1,0.401,0.45,0.683,1.0,0.0,0.3,0.134,41.59
Netrokona,Purbadhala,24.94077,90.60025,0,0,1,0,17,0,0,0,0,0,0,0,0,0,0,0,3.0,0.45,0.392,0.0,0.0,0.0,1.0,30.12
Nilphamari,Dimla,26.12693,88.94002,0,0,0,0,3,0,0,0,0,0,0,0,0,0,0,0,3.0,0.45,0.35,0.0,0.0,0.0,1.0,30.75
Nilphamari,Domar,25.94167,88.84667,0,1,0,2,2,0,0,0,4,1,0,1,12,2,1,0,3.0,0.45,0.475,0.2,0.2,0.567,1.0,45.38
Nilphamari,Jaldhaka,26.02226,89.01584,0,0,0,0,0,0,0,0,0,0,0,0,0,0,0,0,3.0,0.45,0.35,0.0,0.0,0.0,1.0,30.75
Nilphamari,Kishoreganj Nilphamari,25.94167,88.84667,0,1,0,2,2,0,0,0,4,1,0,1,12,2,1,0,3.0,0.45,0.475,0.2,0.2,0.567,1.0,45.38
Nilphamari,Syedpur Bus Terminal,23.288987,91.293085,0,0,0,0,9,0,0,0,0,0,0,1,1,0,0,0,3.0,0.45,0.35,0.0,0.0,0.1,1.0,32.25
Noakhali,Begumganj,23.0225,91.07472,0,0,0,0,0,0,0,0,0,0,0,0,0,0,0,0,3.0,0.45,0.35,0.0,0.0,0.0,1.0,30.75
Noakhali,Chatkhil,23.05241,90.97684,0,0,0,0,0,0,0,0,0,0,0,0,0,0,0,0,3.0,0.45,0.35,0.0,0.0,0.0,1.0,30.75
Noakhali,Senbagh,22.816467,91.121505,0,0,0,1,4,0,0,0,0,0,0,0,0,0,0,0,3.0,0.45,0.392,0.0,0.0,0.0,1.0,30.12
Noakhali,Sonaimuri,23.03317,91.10049,0,0,0,0,0,0,0,0,0,0,0,0,0,0,0,0,3.0,0.45,0.35,0.0,0.0,0.0,1.0,30.75
Noakhali,Subarnachar,22.81764,91.08945,0,0,0,1,0,0,0,0,0,0,0,0,0,1,0,0,3.0,0.45,0.392,0.0,0.0,0.033,1.0,30.62
Pabna,Atgharia,24.48515,89.53493,0,0,0,0,3,0,0,0,1,0,0,0,0,0,0,0,3.0,0.45,0.35,0.05,0.0,0.0,1.0,31.75
Pabna,Bera,24.07821,89.63262,0,0,0,0,0,0,0,0,0,0,0,0,0,0,0,0,3.0,0.45,0.35,0.0,0.0,0.0,1.0,30.75
Pabna,Chatmohar,24.22962,89.29112,0,0,1,0,2,0,0,0,1,0,0,0,0,0,0,0,3.0,0.45,0.392,0.05,0.0,0.0,1.0,31.12
Pabna,Ishwardi,24.130775,89.064327,0,1,2,0,21,1,1,0,3,1,1,1,2,0,0,1,0.873,0.45,0.475,0.25,0.4,0.133,0.291,36.78
Pabna,Sujanagar,23.77804,89.39647,0,0,0,0,0,0,0,0,0,0,0,0,0,1,0,2,2.437,0.45,0.35,0.0,0.0,0.033,0.812,29.37
Panchagarh,Boda,26.33338,88.55777,0,0,0,2,8,2,0,0,20,0,0,3,15,3,1,3,0.373,0.45,0.433,1.0,0.0,0.833,0.124,53.24
Panchagarh,Debiganj,26.11845,88.75948,0,3,1,4,23,3,1,0,11,0,0,0,4,7,3,1,0.342,0.45,0.683,0.75,0.0,0.467,0.114,38.89
Panchagarh,Tetulia,26.49166,88.33969,0,0,2,1,3,0,0,0,8,0,0,0,0,0,0,0,3.0,0.45,0.475,0.4,0.0,0.0,1.0,36.88
Panchagarh,Banglabandha Land Port,26.472204,88.457326,0,0,0,4,0,0,3,0,5,0,0,0,2,0,0,0,3.0,0.45,0.517,0.4,0.0,0.067,1.0,37.25
Patuakhali,Bauphal,22.41593,90.55943,0,0,3,0,4,0,0,0,11,0,0,0,0,3,1,1,0.114,0.45,0.475,0.55,0.0,0.133,0.038,32.26
Patuakhali,Dumki,22.47022,90.38309,0,0,0,0,8,1,8,0,1,0,0,0,0,1,0,5,0.844,0.45,0.35,0.5,0.0,0.033,0.281,34.06
Patuakhali,Galachipa,22.16858,90.41105,0,0,4,4,11,0,0,0,1,0,0,0,0,1,0,0,3.0,0.45,0.683,0.05,0.0,0.033,1.0,27.25
Patuakhali,Kalapara,21.98455,90.22969,0,0,0,0,0,0,0,0,0,0,0,0,0,0,0,0,3.0,0.45,0.35,0.0,0.0,0.0,1.0,30.75
Patuakhali,Kuakata,21.82124,90.11975,0,3,0,0,9,0,0,0,3,0,0,0,0,0,0,0,3.0,0.45,0.475,0.15,0.0,0.0,1.0,31.88
Pirojpur,Bhandaria,22.48898,90.06273,0,3,0,2,9,2,0,0,2,0,0,0,0,1,1,0,3.0,0.45,0.558,0.2,0.0,0.067,1.0,32.62
Pirojpur,Kawkhali Pirojpur,22.57965,89.97521,0,0,3,2,15,7,0,0,4,0,0,0,0,1,1,1,0.331,0.45,0.558,0.55,0.0,0.067,0.11,30.73
Pirojpur,Mathbaria,22.28616,89.95882,0,0,9,0,0,0,0,0,14,0,0,1,0,0,0,1,0.22,0.45,0.725,0.7,0.0,0.067,0.073,30.86
Pirojpur,Nazirpur,22.571721,89.97972,0,0,0,0,7,0,0,0,5,2,0,0,0,0,0,1,1.159,0.45,0.35,0.25,0.4,0.0,0.386,37.61
Pirojpur,Nesarabad,22.57965,89.97521,0,0,3,2,15,7,0,0,4,0,0,0,0,1,1,1,0.331,0.45,0.558,0.55,0.0,0.067,0.11,30.73
Rajbari,Baliakandi,23.7252,89.72012,0,0,0,0,2,0,0,0,1,0,0,0,0,0,0,0,3.0,0.45,0.35,0.05,0.0,0.0,1.0,31.75
Rajbari,Kalukhali,23.75726,89.64632,0,0,0,7,20,0,3,0,1,0,0,0,10,6,0,3,0.293,0.45,0.642,0.2,0.0,0.533,0.098,29.35
Rajbari,Pangsha,23.75726,89.64632,0,0,0,7,20,0,3,0,1,0,0,0,10,6,0,3,0.293,0.45,0.642,0.2,0.0,0.533,0.098,29.35
Rajbari,Rajbari Bazar,22.661143,92.17117,0,0,0,0,10,0,2,0,1,0,0,0,5,1,2,0,3.0,0.45,0.35,0.15,0.0,0.267,1.0,37.75
Rajshahi,Binodpur,24.37443,88.603999,0,0,0,0,0,0,0,0,0,0,0,0,0,0,0,0,3.0,0.45,0.35,0.0,0.0,0.0,1.0,30.75
Rajshahi,Kazla,24.364265,88.632816,0,0,3,3,35,31,16,0,6,0,0,2,7,6,0,1,2.897,0.45,0.6,1.0,0.0,0.567,0.966,55.16
Rajshahi,New Market Rajshahi,24.366067,88.600044,0,0,10,13,55,5,0,0,3,0,0,0,20,4,0,9,0.439,0.45,0.85,0.4,0.0,0.8,0.146,34.71
Rajshahi,Upashahar Rajshahi,24.377468,88.600613,0,0,0,0,0,0,0,0,0,0,0,0,0,0,0,0,3.0,0.45,0.35,0.0,0.0,0.0,1.0,30.75
Rangamati,Bagaichhari,22.758512,92.240249,0,0,0,0,0,0,0,0,0,0,0,0,0,0,0,0,3.0,0.45,0.35,0.0,0.0,0.0,1.0,30.75
Rangamati,Barkal,22.19816,91.96293,0,0,0,0,1,0,2,0,0,0,0,0,0,0,0,0,3.0,0.45,0.35,0.1,0.0,0.0,1.0,32.75
Rangamati,Kaptai,22.64317,92.19186,0,3,0,1,4,0,0,0,1,0,0,0,0,0,0,0,3.0,0.45,0.517,0.05,0.0,0.0,1.0,29.25
Rangamati,Langadu,22.758512,92.240249,0,0,0,0,0,0,0,0,0,0,0,0,0,0,0,0,3.0,0.45,0.35,0.0,0.0,0.0,1.0,30.75
Rangamati,Naniarchar,22.758512,92.240249,0,0,0,0,0,0,0,0,0,0,0,0,0,0,0,0,3.0,0.45,0.35,0.0,0.0,0.0,1.0,30.75
Rangpur,Carmichael College,25.720448,89.255036,0,0,0,1,12,6,1,5,6,0,0,0,0,4,0,1,0.796,0.45,0.392,0.9,0.0,0.133,0.265,42.78
Rangpur,Dhap Rangpur,25.758783,89.233081,0,0,1,1,16,3,0,2,2,0,0,1,17,5,18,3,1.523,0.45,0.433,0.35,0.0,1.0,0.508,46.58
Rangpur,Lalbag Rangpur,25.72591,89.25457,0,0,0,1,13,2,1,3,5,0,0,0,6,2,0,3,1.233,0.45,0.392,0.55,0.0,0.267,0.411,39.23
Rangpur,Modern Mor,25.728935,89.239394,0,0,0,0,5,0,0,0,10,2,0,0,4,2,1,4,1.89,0.45,0.35,0.5,0.4,0.233,0.63,48.55
Rangpur,Shapla Chattar Rangpur,25.762926,89.234441,0,0,2,1,16,5,1,9,5,1,0,1,16,11,23,3,1.825,0.45,0.475,1.0,0.2,1.0,0.608,63.96
Satkhira,Assasuni,22.70817,89.07185,0,1,12,31,7,0,2,0,2,0,0,7,10,0,1,4,0.374,0.45,0.85,0.2,0.0,0.833,0.125,31.0
Satkhira,Debhata,22.70817,89.07185,0,0,0,0,0,0,0,0,0,0,0,0,0,0,0,0,3.0,0.45,0.35,0.0,0.0,0.0,1.0,30.75
Satkhira,Kaliganj Satkhira,22.70817,89.07185,0,1,12,31,7,0,2,0,2,0,0,7,10,0,1,4,0.374,0.45,0.85,0.2,0.0,0.833,0.125,31.0
Satkhira,Shyamnagar,22.34083,89.11756,0,0,0,0,2,0,0,0,2,0,0,0,0,0,0,0,3.0,0.45,0.35,0.1,0.0,0.0,1.0,32.75
Satkhira,Tala,22.70817,89.07185,0,0,0,0,0,0,0,0,0,0,0,0,0,0,0,0,3.0,0.45,0.35,0.0,0.0,0.0,1.0,30.75
Shariatpur,Naria,23.302448,90.405951,0,0,1,0,8,1,2,0,0,0,0,0,0,2,0,3,0.0,0.45,0.392,0.15,0.0,0.067,0.0,24.12
Shariatpur,Zajira,23.267008,90.414774,0,0,1,0,2,0,0,0,0,0,0,0,0,0,0,0,3.0,0.45,0.392,0.0,0.0,0.0,1.0,30.12
Rajbari,Daulatdia Ferry Terminal,23.76983,89.78733,0,0,0,0,1,4,0,0,3,4,0,0,0,0,0,0,3.0,0.45,0.35,0.35,0.8,0.0,1.0,53.75
Bagerhat,Fakirhat,22.77852,89.70579,0,1,0,1,7,2,0,0,2,0,0,0,0,0,0,0,3.0,0.45,0.433,0.2,0.0,0.0,1.0,33.5
Bagerhat,Mollahat,22.65657,89.79123,0,2,3,26,2,0,1,0,1,1,1,1,9,5,0,3,0.329,0.45,0.85,0.1,0.4,0.533,0.11,32.35
Bagerhat,Mongla Port,22.65657,89.79123,0,0,0,0,0,0,0,0,0,0,0,0,0,0,0,0,3.0,0.45,0.35,0.0,0.0,0.0,1.0,30.75
Bandarban,Thanchi Bazar,22.179797,92.219489,0,0,1,0,0,0,0,0,0,0,0,0,0,0,0,1,1.663,0.45,0.392,0.0,0.0,0.0,0.554,25.67
Brahmanbaria,Akhaura Railway Junction,23.944546,91.106189,0,0,0,1,0,0,0,0,0,0,0,0,0,0,0,0,3.0,0.45,0.392,0.0,0.0,0.0,1.0,30.12
Brahmanbaria,Sarail,24.08363,91.115849,0,1,0,3,0,0,0,0,0,0,0,0,0,2,0,2,1.599,0.45,0.517,0.0,0.0,0.067,0.533,24.58
Shariatpur,Damudya,23.21,90.35,0,2,0,0,19,9,2,0,0,0,0,0,0,4,5,1,0.977,0.45,0.433,0.55,0.0,0.3,0.326,38.26
Shariatpur,Gosairhat,23.21,90.35,0,2,0,0,19,9,2,0,0,0,0,0,0,4,5,1,0.977,0.45,0.433,0.55,0.0,0.3,0.326,38.26
Sherpur,Garo Pahar,25.02691,88.97592,0,0,1,0,2,0,4,0,1,0,0,0,0,0,0,0,3.0,0.45,0.392,0.25,0.0,0.0,1.0,35.12
Sherpur,Jhenaigati,25.18,90.06,0,0,0,0,0,0,0,0,0,0,0,0,0,0,0,0,3.0,0.45,0.35,0.0,0.0,0.0,1.0,30.75
Sherpur,Nakla,24.97135,90.17785,0,1,1,0,2,5,0,0,0,0,0,1,18,3,1,1,0.299,0.45,0.433,0.25,0.0,0.8,0.1,37.5
Sherpur,Sreebardi,25.01881,90.01751,0,3,2,13,6,0,0,0,3,0,0,3,11,7,12,1,0.371,0.45,0.85,0.15,0.0,1.0,0.124,32.49
Sirajganj,Belkuchi,24.45771,89.70802,0,0,0,0,0,0,0,0,0,0,0,0,0,0,0,0,3.0,0.45,0.35,0.0,0.0,0.0,1.0,30.75
Sirajganj,Kazipur,23.98333,89.43333,0,0,0,0,0,0,0,0,0,0,0,0,0,0,0,0,3.0,0.45,0.35,0.0,0.0,0.0,1.0,30.75
Sirajganj,Raiganj,24.45771,89.70802,0,0,4,1,30,1,2,0,0,0,0,1,4,3,3,2,0.708,0.45,0.558,0.15,0.0,0.4,0.236,28.98
Sirajganj,Shahjadpur,24.45771,89.70802,0,0,4,1,30,1,2,0,0,0,0,1,4,3,3,2,0.708,0.45,0.558,0.15,0.0,0.4,0.236,28.98
Sirajganj,Ullapara,24.45771,89.70802,0,0,4,1,30,1,2,0,0,0,0,1,4,3,3,2,0.708,0.45,0.558,0.15,0.0,0.4,0.236,28.98
Sunamganj,Chhatak,25.06889,91.40243,0,1,1,0,27,0,1,0,1,0,0,0,0,0,0,1,2.663,0.45,0.433,0.1,0.0,0.0,0.888,30.38
Sunamganj,Derai,24.78644,91.36003,0,0,0,0,0,0,0,0,0,0,0,0,0,0,0,0,3.0,0.45,0.35,0.0,0.0,0.0,1.0,30.75
Sunamganj,Dharampasha,24.98,91.0,0,0,0,0,6,0,0,0,3,0,0,0,0,0,0,0,3.0,0.45,0.35,0.15,0.0,0.0,1.0,33.75
Sunamganj,Jagannathpur,24.77493,91.55216,0,0,0,3,1,0,1,0,2,0,0,0,0,0,0,0,3.0,0.45,0.475,0.15,0.0,0.0,1.0,31.88
Sunamganj,Tahirpur,25.06889,91.40243,0,1,1,0,27,0,1,0,1,0,0,0,0,0,0,1,2.663,0.45,0.433,0.1,0.0,0.0,0.888,30.38
Sylhet,Kumarpara,24.903792,91.88044,0,4,4,0,56,0,0,0,0,0,0,0,0,2,0,3,1.833,0.45,0.683,0.0,0.0,0.067,0.611,22.86
Sylhet,Shahjalal University Area,24.916293,91.831117,0,0,0,3,11,25,10,0,0,0,0,0,3,2,0,0,3.0,0.45,0.475,1.0,0.0,0.167,1.0,51.38
Sylhet,South Surma,24.82112,91.89039,0,0,0,0,0,0,0,0,0,0,0,0,0,0,0,0,3.0,0.45,0.35,0.0,0.0,0.0,1.0,30.75
Sylhet,Subidbazar,24.89904,91.87198,0,2,10,3,48,3,2,0,0,0,0,1,26,7,3,2,0.967,0.45,0.85,0.25,0.0,1.0,0.322,36.47
Tangail,Ghatail,24.46667,89.96667,0,0,0,0,1,0,0,0,0,0,0,0,0,0,0,0,3.0,0.45,0.35,0.0,0.0,0.0,1.0,30.75
Tangail,Kalihati,24.39246,89.99215,0,0,0,0,1,0,1,0,0,0,0,2,1,3,2,1,0.913,0.45,0.35,0.05,0.0,0.333,0.304,29.79
Tangail,Madhupur,24.61186,90.03149,0,0,0,6,1,0,1,0,0,0,0,1,1,4,0,1,0.93,0.45,0.6,0.05,0.0,0.233,0.31,24.6
Tangail,Mirzapur Tangail,24.24984,89.91655,0,3,0,5,53,5,6,0,2,0,0,1,13,13,9,3,0.446,0.45,0.683,0.65,0.0,1.0,0.149,45.24
Tangail,Sakhipur,24.24984,89.91655,0,0,0,0,0,0,0,0,0,0,0,0,0,0,0,0,3.0,0.45,0.35,0.0,0.0,0.0,1.0,30.75
Thakurgaon,Baliadangi,26.03097,88.46989,0,2,0,0,9,0,4,0,0,0,0,1,10,0,2,1,0.964,0.45,0.433,0.2,0.0,0.467,0.321,33.71
Thakurgaon,Haripur Thakurgaon,26.11499,88.23192,0,0,0,0,0,0,0,0,2,0,0,0,0,0,0,0,3.0,0.45,0.35,0.1,0.0,0.0,1.0,32.75
Thakurgaon,Pirganj Thakurgaon,25.86999,88.32776,0,0,0,0,0,0,0,0,0,0,0,0,0,0,0,0,3.0,0.45,0.35,0.0,0.0,0.0,1.0,30.75
Thakurgaon,Ranisankail,25.89085,88.26495,0,0,3,2,5,1,0,0,2,0,0,1,3,1,0,1,1.746,0.45,0.558,0.15,0.0,0.2,0.582,29.45
Thakurgaon,Ruhia,26.03097,88.46989,0,2,0,0,9,0,4,0,0,0,0,1,10,0,2,1,0.964,0.45,0.433,0.2,0.0,0.467,0.321,33.71
Bandarban,Alikadam,21.653,92.3148,0,0,2,0,15,2,3,0,4,0,0,0,0,2,1,2,0.562,0.45,0.433,0.45,0.0,0.1,0.187,31.87
Feni,Fulgazi,23.14612,91.44088,0,0,0,0,16,0,0,0,1,0,0,0,0,0,0,1,1.107,0.45,0.35,0.05,0.0,0.0,0.369,25.44
Habiganj,Madhabpur,24.62886,91.53974,0,0,0,0,0,0,0,0,1,0,0,0,0,0,0,0,3.0,0.45,0.35,0.05,0.0,0.0,1.0,31.75
Jhenaidah,Harinakundu,23.502088,89.122619,0,0,0,0,4,0,0,0,0,0,0,0,0,0,0,0,3.0,0.45,0.35,0.0,0.0,0.0,1.0,30.75
Joypurhat,Jamalganj Joypurhat,25.09446,89.02286,0,0,0,0,0,0,0,0,0,0,0,0,0,0,0,0,3.0,0.45,0.35,0.0,0.0,0.0,1.0,30.75
Moulvibazar,Sreemangal,24.30734,91.733739,0,0,6,4,21,0,3,0,4,2,2,0,7,2,2,2,0.4,0.45,0.767,0.35,0.8,0.367,0.133,44.33
Lakshmipur,Lakshmipur Bus Terminal,22.9431,90.8285,0,4,0,0,25,0,0,0,0,0,0,1,1,0,0,0,3.0,0.45,0.517,0.0,0.0,0.1,1.0,29.75
Madaripur,Madaripur Bus Terminal,23.16226,90.18087,0,0,0,0,0,0,0,0,0,0,0,0,0,0,0,0,3.0,0.45,0.35,0.0,0.0,0.0,1.0,30.75
Gopalganj,Gopalganj Bus Terminal,23.28534,90.01181,0,0,0,0,0,0,0,0,0,1,0,0,0,0,0,0,3.0,0.45,0.35,0.0,0.2,0.0,1.0,34.75
Narail,Narail Bus Terminal,23.1774,89.4925,0,0,0,0,0,0,0,0,1,1,1,0,0,0,0,1,1.738,0.45,0.35,0.05,0.4,0.0,0.579,35.54
Narsingdi,Narsingdi Bus Terminal,23.9124,90.699,0,0,0,0,0,0,0,0,0,0,0,0,0,0,0,0,3.0,0.45,0.35,0.0,0.0,0.0,1.0,30.75
Nilphamari,Nilphamari Bus Terminal,25.9317,88.8524,0,2,0,8,12,0,6,0,1,2,0,6,18,14,5,0,3.0,0.45,0.767,0.35,0.4,1.0,1.0,54.5
Noakhali,Noakhali Bus Terminal,22.8682,91.1009,0,0,0,3,22,1,3,0,5,0,0,0,0,1,0,0,3.0,0.45,0.475,0.45,0.0,0.033,1.0,38.38
Shariatpur,Shariatpur Bus Terminal,23.2165,90.3442,0,1,0,1,7,1,0,0,0,0,0,0,0,1,0,1,0.519,0.45,0.433,0.05,0.0,0.033,0.173,22.73
Barishal,Nathullabad Bus Terminal,22.6553,90.3612,0,0,0,0,7,11,5,0,10,0,0,1,7,1,1,3,0.246,0.45,0.35,1.0,0.0,0.367,0.082,47.07
Feni,Feni Bus Terminal,23.0109,91.3791,0,0,2,0,39,3,3,0,7,1,0,2,3,2,1,5,0.668,0.45,0.433,0.65,0.2,0.333,0.223,43.73
Khagrachhari,Khagrachhari Bus Terminal,23.1072,91.9934,0,0,0,2,12,0,2,0,0,0,0,0,0,0,1,1,1.596,0.45,0.433,0.1,0.0,0.033,0.532,27.32
Chandpur,Chandpur Railway Station,23.23092,90.64305,0,0,2,4,5,3,2,0,3,3,1,0,0,0,0,0,3.0,0.45,0.6,0.4,0.8,0.0,1.0,51.0
Cumilla,Cumilla Railway Station,23.46365,91.1668,0,0,4,6,30,5,1,3,2,1,1,2,0,0,0,1,0.747,0.45,0.767,0.55,0.4,0.133,0.249,37.99
Kishoreganj,Kishoreganj Railway Station,24.4264,90.7886,0,0,0,0,0,0,0,0,0,0,0,0,0,0,0,0,3.0,0.45,0.35,0.0,0.0,0.0,1.0,30.75
Bandarban,Nilachal,22.1677,92.2104,0,0,0,0,0,0,4,0,1,0,0,0,0,0,0,0,3.0,0.45,0.35,0.25,0.0,0.0,1.0,35.75
Kishoreganj,Kishoreganj 250 Bed General Hospital,24.4378,90.7761,0,1,8,7,15,2,1,0,12,0,0,1,10,14,3,2,0.428,0.45,0.85,0.75,0.0,0.967,0.143,44.18
Dinajpur,Hili Land Port,25.2817,89.0092,0,0,0,0,0,0,0,0,0,0,0,0,0,0,0,0,3.0,0.45,0.35,0.0,0.0,0.0,1.0,30.75
Lalmonirhat,Burimari Land Port,26.4046,88.924,0,0,0,0,2,1,1,0,5,0,0,0,1,0,0,0,3.0,0.45,0.35,0.35,0.0,0.033,1.0,38.25
