"id","district","zone_name","aliases","latitude","longitude","source","geocoded","created_at","updated_at"
"d3b05542-1092-42ca-86a8-1ca07b9fa7c5","Bagerhat","Bagerhat Bus Terminal","{""Bagerhat Bus Terminal"",""Bagerhat Bus Terminal Bagerhat"",""Bagerhat Bus Terminal, Bagerhat""}",22.646360,89.793045,"ors_geocoding","t","2026-06-11 03:53:38.626404+00","2026-06-11 03:58:14.35889+00"
"2a27eee1-8981-4ff8-b926-391beb8e2b15","Bagerhat","Bagerhat Railway Station","{""Bagerhat Railway Station"",""Bagerhat Railway Station Bagerhat"",""Bagerhat Railway Station, Bagerhat""}",22.646360,89.793045,"ors_geocoding","t","2026-06-11 03:53:38.626404+00","2026-06-11 03:58:15.451578+00"
"2530b936-2c27-4452-bd2b-e7a93ff9adb5","Bagerhat","Bagerhat Sadar","{""Bagerhat Sadar"",""Bagerhat Sadar Bagerhat"",""Bagerhat Sadar, Bagerhat""}",22.656570,89.791230,"ors_geocoding","t","2026-06-11 03:53:38.626404+00","2026-06-11 03:58:16.68438+00"
"9ed799a4-4535-4049-be2a-5e37bf827f46","Bagerhat","Khan Jahan Ali Mazar","{""Khan Jahan Ali Mazar"",""Khan Jahan Ali Mazar Bagerhat"",""Khan Jahan Ali Mazar, Bagerhat""}",22.656570,89.791230,"ors_geocoding","t","2026-06-11 03:53:38.626404+00","2026-06-11 03:58:17.807321+00"
"3c8cbdfd-75df-40d7-99c8-13137cfcd456","Bagerhat","Sixty Dome Mosque","{""Sixty Dome Mosque"",""Sixty Dome Mosque Bagerhat"",""Sixty Dome Mosque, Bagerhat""}",22.674501,89.741822,"ors_geocoding","t","2026-06-11 03:53:38.626404+00","2026-06-11 03:58:18.934831+00"
"1dc3f0a2-ed0f-4b99-a2bd-773650a5e37e","Bandarban","Balaghata","{Balaghata,""Balaghata Bandarban"",""Balaghata, Bandarban""}",22.195340,92.219460,"ors_geocoding","t","2026-06-11 03:53:38.626404+00","2026-06-11 03:58:20.129732+00"
"df55c5df-cd8b-4b6d-9a42-74cbf25e980b","Bandarban","Bandarban Bus Station","{""Bandarban Bus Station"",""Bandarban Bus Station Bandarban"",""Bandarban Bus Station, Bandarban""}",22.188414,92.214036,"ors_geocoding","t","2026-06-11 03:53:38.626404+00","2026-06-11 03:58:21.265877+00"
"3f4b7e16-973d-40dc-bebb-54cac5fd90c6","Bandarban","Bandarban Sadar","{""Bandarban Sadar"",""Bandarban Sadar Bandarban"",""Bandarban Sadar, Bandarban""}",22.189482,92.226562,"ors_geocoding","t","2026-06-11 03:53:38.626404+00","2026-06-11 03:58:22.330987+00"
"385af501-5481-4ac1-b9b7-20348aa8258c","Bandarban","Meghla Tourist Complex","{""Meghla Tourist Complex"",""Meghla Tourist Complex Bandarban"",""Meghla Tourist Complex, Bandarban""}",22.181700,92.189200,"manual_coordinate","t","2026-06-11 03:53:38.626404+00","2026-06-11 04:05:52.939934+00"
"f1299bcd-1d87-4db3-8e78-fac21187dedb","Bandarban","Nilachal","{Nilachal,""Nilachal Bandarban"",""Nilachal, Bandarban""}",23.011340,91.401300,"ors_geocoding","t","2026-06-11 03:53:38.626404+00","2026-06-11 03:58:24.561488+00"
"1b2c90f7-49bb-488f-a4a7-5a1292409d06","Barguna","Barguna Bus Stand","{""Barguna Bus Stand"",""Barguna Bus Stand Barguna"",""Barguna Bus Stand, Barguna""}",22.156720,90.117580,"ors_geocoding","t","2026-06-11 03:53:38.626404+00","2026-06-11 03:58:25.787478+00"
"1714ae39-4909-4626-82bd-d060fce9a783","Barguna","Barguna General Hospital","{""Barguna General Hospital"",""Barguna General Hospital Barguna"",""Barguna General Hospital, Barguna""}",22.156377,90.127931,"ors_geocoding","t","2026-06-11 03:53:38.626404+00","2026-06-11 03:58:27.028182+00"
"3071628a-ff07-46fb-8ded-1f02886fc24b","Barguna","Barguna Govt College","{""Barguna Govt College"",""Barguna Govt College Barguna"",""Barguna Govt College, Barguna""}",22.156777,90.113826,"ors_geocoding","t","2026-06-11 03:53:38.626404+00","2026-06-11 03:58:28.143429+00"
"4410d9c7-c598-45b3-be2b-dcbf6e130d6e","Barguna","Barguna Launch Ghat","{""Barguna Launch Ghat"",""Barguna Launch Ghat Barguna"",""Barguna Launch Ghat, Barguna""}",22.160263,90.116997,"ors_geocoding","t","2026-06-11 03:53:38.626404+00","2026-06-11 03:58:29.344339+00"
"a5c2dfa8-15f7-4afa-8d78-0677d8f177f7","Barguna","Barguna Sadar","{""Barguna Sadar"",""Barguna Sadar Barguna"",""Barguna Sadar, Barguna""}",22.156720,90.117580,"ors_geocoding","t","2026-06-11 03:53:38.626404+00","2026-06-11 03:58:30.499013+00"
"4dc5a534-4d19-4a52-9bad-d98e9d658287","Barishal","Barishal Launch Ghat","{""Barishal Launch Ghat"",""Barishal Launch Ghat Barishal"",""Barishal Launch Ghat, Barishal""}",22.704970,90.370130,"ors_geocoding","t","2026-06-11 03:53:38.626404+00","2026-06-11 03:58:31.627735+00"
"28c0f8ae-ca2f-4006-97bd-35b6731b5124","Barishal","Barishal Sadar Road","{""Barishal Sadar Road"",""Barishal Sadar Road Barishal"",""Barishal Sadar Road, Barishal""}",22.704970,90.370130,"ors_geocoding","t","2026-06-11 03:53:38.626404+00","2026-06-11 03:58:32.757274+00"
"332a80e6-9bf1-4df4-a2f4-23af4053e31d","Barishal","Chowmatha","{Chowmatha,""Chowmatha Barishal"",""Chowmatha, Barishal""}",22.704970,90.370130,"ors_geocoding","t","2026-06-11 03:53:38.626404+00","2026-06-11 03:58:33.873919+00"
"5c76c993-120e-4cf9-a937-655db56c6938","Barishal","Nathullabad Bus Terminal","{""Nathullabad Bus Terminal"",""Nathullabad Bus Terminal Barishal"",""Nathullabad Bus Terminal, Barishal""}",22.656348,90.662246,"ors_geocoding","t","2026-06-11 03:53:38.626404+00","2026-06-11 03:58:35.008818+00"
"f74e74fe-1462-4114-8786-90fb9929bfa6","Barishal","Port Road Barishal","{""Port Road Barishal"",""Port Road Barishal Barishal"",""Port Road Barishal, Barishal""}",22.704970,90.370130,"ors_geocoding","t","2026-06-11 03:53:38.626404+00","2026-06-11 03:58:36.134832+00"
"d5e63653-cef5-4817-8c34-a276786beac4","Bhola","Bhola Bus Stand","{""Bhola Bus Stand"",""Bhola Bus Stand Bhola"",""Bhola Bus Stand, Bhola""}",22.687590,90.644030,"ors_geocoding","t","2026-06-11 03:53:38.626404+00","2026-06-11 03:58:37.362677+00"
"adfcd419-e65b-476e-aa74-e135484e0edf","Bhola","Bhola Govt College","{""Bhola Govt College"",""Bhola Govt College Bhola"",""Bhola Govt College, Bhola""}",22.671210,90.655989,"ors_geocoding","t","2026-06-11 03:53:38.626404+00","2026-06-11 03:58:38.588062+00"
"944deba5-a16e-4df2-a633-780d41a30af8","Bhola","Bhola Launch Terminal","{""Bhola Launch Terminal"",""Bhola Launch Terminal Bhola"",""Bhola Launch Terminal, Bhola""}",22.678577,90.606713,"ors_geocoding","t","2026-06-11 03:53:38.626404+00","2026-06-11 03:58:39.818299+00"
"c7cdf5c5-4349-479b-97a8-3a16f0c80e6f","Bhola","Bhola Sadar","{""Bhola Sadar"",""Bhola Sadar Bhola"",""Bhola Sadar, Bhola""}",22.687944,90.645452,"ors_geocoding","t","2026-06-11 03:53:38.626404+00","2026-06-11 03:58:40.941843+00"
"54a7b56f-4bb9-4004-bc26-04f72e3c53f1","Bhola","Bhola Sadar Hospital","{""Bhola Sadar Hospital"",""Bhola Sadar Hospital Bhola"",""Bhola Sadar Hospital, Bhola""}",22.687944,90.645452,"ors_geocoding","t","2026-06-11 03:53:38.626404+00","2026-06-11 03:58:42.083181+00"
"68a91968-55a2-4423-b2b5-532d26cff350","Bogura","Bogra Cantonment","{""Bogra Cantonment"",""Bogra Cantonment Bogura"",""Bogra Cantonment, Bogura""}",24.850980,89.371080,"ors_geocoding","t","2026-06-11 03:53:38.626404+00","2026-06-11 03:58:43.196873+00"
"5c822fa7-ba7e-4c51-aff1-6be59e264c94","Bogura","Bogura Railway Station","{""Bogura Railway Station"",""Bogura Railway Station Bogura"",""Bogura Railway Station, Bogura""}",24.847986,89.367178,"ors_geocoding","t","2026-06-11 03:53:38.626404+00","2026-06-11 03:58:44.330244+00"
"477e2d0d-03de-4759-936b-466e3475530b","Bogura","Bogura Shaheed Ziaur Rahman Medical College","{""Bogura Shaheed Ziaur Rahman Medical College"",""Bogura Shaheed Ziaur Rahman Medical College Bogura"",""Bogura Shaheed Ziaur Rahman Medical College, Bogura""}",24.826720,89.352670,"manual_coordinate","t","2026-06-11 03:53:38.626404+00","2026-06-11 04:07:06.0363+00"
"2740f055-f599-4414-ac4e-a6fca09fa797","Bogura","Satmatha","{Satmatha,""Satmatha Bogura"",""Satmatha, Bogura""}",25.733988,89.286492,"ors_geocoding","t","2026-06-11 03:53:38.626404+00","2026-06-11 03:58:46.679272+00"
"c648bc25-eaaf-4abe-a48d-457982e971a8","Bogura","Sherpur Road Bogura","{""Sherpur Road Bogura"",""Sherpur Road Bogura Bogura"",""Sherpur Road Bogura, Bogura""}",24.850980,89.371080,"ors_geocoding","t","2026-06-11 03:53:38.626404+00","2026-06-11 03:58:47.804347+00"
"a9ba036a-a624-4adc-b121-8e89bd8240fa","Brahmanbaria","Brahmanbaria Bus Terminal","{""Brahmanbaria Bus Terminal"",""Brahmanbaria Bus Terminal Brahmanbaria"",""Brahmanbaria Bus Terminal, Brahmanbaria""}",23.952855,91.116351,"ors_geocoding","t","2026-06-11 03:53:38.626404+00","2026-06-11 03:58:49.033142+00"
"8e5d6dd1-98f9-4b40-9d73-1b7ce29c494a","Brahmanbaria","Brahmanbaria Medical College","{""Brahmanbaria Medical College"",""Brahmanbaria Medical College Brahmanbaria"",""Brahmanbaria Medical College, Brahmanbaria""}",24.001991,91.110799,"ors_geocoding","t","2026-06-11 03:53:38.626404+00","2026-06-11 03:58:50.262105+00"
"b261c732-e91e-4246-8caa-ce174732b5f3","Brahmanbaria","Brahmanbaria Railway Station","{""Brahmanbaria Railway Station"",""Brahmanbaria Railway Station Brahmanbaria"",""Brahmanbaria Railway Station, Brahmanbaria""}",23.952855,91.116351,"ors_geocoding","t","2026-06-11 03:53:38.626404+00","2026-06-11 03:58:51.493707+00"
"b4464dfa-912d-4e40-af9f-edaaa0748f47","Brahmanbaria","Brahmanbaria Sadar","{""Brahmanbaria Sadar"",""Brahmanbaria Sadar Brahmanbaria"",""Brahmanbaria Sadar, Brahmanbaria""}",23.974640,91.112280,"ors_geocoding","t","2026-06-11 03:53:38.626404+00","2026-06-11 03:58:52.673587+00"
"d90d5b55-56a8-46ce-ac95-beb01c31cc72","Brahmanbaria","T.A. Road Brahmanbaria","{""T.A. Road Brahmanbaria"",""T.A. Road Brahmanbaria Brahmanbaria"",""T.A. Road Brahmanbaria, Brahmanbaria""}",23.974640,91.112280,"ors_geocoding","t","2026-06-11 03:53:38.626404+00","2026-06-11 03:58:53.845061+00"
"1f2b2cdd-09fa-468c-9673-38fdc0ec9fa6","Chandpur","Chandpur Bus Stand","{""Chandpur Bus Stand"",""Chandpur Bus Stand Chandpur"",""Chandpur Bus Stand, Chandpur""}",23.265305,90.753564,"ors_geocoding","t","2026-06-11 03:53:38.626404+00","2026-06-11 03:58:55.073862+00"
"3ff997e6-0a30-455d-bea1-e8b231c63200","Chandpur","Chandpur Govt College","{""Chandpur Govt College"",""Chandpur Govt College Chandpur"",""Chandpur Govt College, Chandpur""}",23.228984,90.659801,"ors_geocoding","t","2026-06-11 03:53:38.626404+00","2026-06-11 03:58:56.304055+00"
"40e51ecb-5eab-4a45-a09c-9732cbeb9576","Chandpur","Chandpur Launch Terminal","{""Chandpur Launch Terminal"",""Chandpur Launch Terminal Chandpur"",""Chandpur Launch Terminal, Chandpur""}",23.235623,90.664701,"ors_geocoding","t","2026-06-11 03:53:38.626404+00","2026-06-11 03:58:57.438278+00"
"2944869d-6218-4ffb-a1d2-db93c34699fb","Chandpur","Chandpur Railway Station","{""Chandpur Railway Station"",""Chandpur Railway Station Chandpur"",""Chandpur Railway Station, Chandpur""}",22.680101,91.632610,"ors_geocoding","t","2026-06-11 03:53:38.626404+00","2026-06-11 03:58:58.671896+00"
"55f00f28-41f4-48ea-9143-e99b7cf924c4","Chandpur","Chandpur Sadar","{""Chandpur Sadar"",""Chandpur Sadar Chandpur"",""Chandpur Sadar, Chandpur""}",23.265305,90.753564,"ors_geocoding","t","2026-06-11 03:53:38.626404+00","2026-06-11 03:58:59.788947+00"
"858a327f-5523-4b5d-aff3-5a59f262aa13","Chapai Nawabganj","Baroghoria","{Baroghoria,""Baroghoria Chapai Nawabganj"",""Baroghoria, Chapai Nawabganj""}",24.602554,88.251753,"ors_geocoding","t","2026-06-11 03:53:38.626404+00","2026-06-11 03:59:01.014131+00"
"820e5c09-029d-4145-ac02-f37e6354cfd5","Chapai Nawabganj","Chapai Nawabganj Bus Terminal","{""Chapai Nawabganj Bus Terminal"",""Chapai Nawabganj Bus Terminal Chapai Nawabganj"",""Chapai Nawabganj Bus Terminal, Chapai Nawabganj""}",24.588301,88.285887,"ors_geocoding","t","2026-06-11 03:53:38.626404+00","2026-06-11 03:59:02.141032+00"
"bcf87fd8-b3de-411e-9999-2114daa20f78","Chapai Nawabganj","Chapai Nawabganj Railway Station","{""Chapai Nawabganj Railway Station"",""Chapai Nawabganj Railway Station Chapai Nawabganj"",""Chapai Nawabganj Railway Station, Chapai Nawabganj""}",24.588301,88.285887,"ors_geocoding","t","2026-06-11 03:53:38.626404+00","2026-06-11 03:59:03.277142+00"
"9569e9e8-7c10-4f70-85f2-f1258b46df6f","Chapai Nawabganj","Chapai Nawabganj Sadar","{""Chapai Nawabganj Sadar"",""Chapai Nawabganj Sadar Chapai Nawabganj"",""Chapai Nawabganj Sadar, Chapai Nawabganj""}",24.598950,88.283390,"ors_geocoding","t","2026-06-11 03:53:38.626404+00","2026-06-11 03:59:04.39263+00"
"7b75e39f-908b-4aa5-8475-169536819a33","Chapai Nawabganj","Nawabganj Govt College","{""Nawabganj Govt College"",""Nawabganj Govt College Chapai Nawabganj"",""Nawabganj Govt College, Chapai Nawabganj""}",23.664049,90.158367,"ors_geocoding","t","2026-06-11 03:53:38.626404+00","2026-06-11 03:59:05.525337+00"
"c522d455-71fe-4cf7-8917-b5aae5be7843","Chattogram","2 No Gate","{""2 No Gate"",""No. 2 Gate"",""2 Number Gate"",""Number 2 Gate""}",22.362600,91.823900,"manual_seed","t","2026-06-11 03:54:13.362297+00","2026-06-11 03:54:13.362297+00"
"ec1555ff-f693-4ba1-9e95-27799b2c9f25","Chattogram","Agrabad","{Agrabad,""Agrabad Commercial Area""}",22.325100,91.812300,"manual_seed","t","2026-06-11 03:54:13.362297+00","2026-06-11 03:54:13.362297+00"
"7c1102c7-fb38-4519-8346-5beac751c46c","Chattogram","Akbar Shah","{""Akbar Shah"",Akbarshah}",22.380200,91.775800,"manual_seed","t","2026-06-11 03:54:13.362297+00","2026-06-11 03:54:13.362297+00"
"1354d8dc-4595-474c-9892-4aee95408084","Chattogram","Anderkilla","{Anderkilla,Andarkilla}",22.337400,91.836800,"manual_seed","t","2026-06-11 03:54:13.362297+00","2026-06-11 03:54:13.362297+00"
"e666d660-de19-487d-ac39-42976378eef7","Chattogram","Bahaddarhat","{Bahaddarhat,""Bahaddarhat Bus Terminal"",""Bahaddar Hat""}",22.372700,91.844700,"manual_seed","t","2026-06-11 03:54:13.362297+00","2026-06-11 03:54:13.362297+00"
"fe6d5f17-fa4a-47c4-8fa8-225b8ed56b79","Chattogram","Bayezid","{Bayezid,Bayazid,""Bayezid Bostami""}",22.390500,91.822500,"manual_seed","t","2026-06-11 03:54:13.362297+00","2026-06-11 03:54:13.362297+00"
"afbd40cd-41f3-4d16-990f-c642a6a3371a","Chattogram","CRB","{CRB,""CRB Chattogram""}",22.347000,91.821400,"manual_seed","t","2026-06-11 03:54:13.362297+00","2026-06-11 03:54:13.362297+00"
"2f5c561c-b051-466c-98f3-635386da2342","Chattogram","Chawkbazar","{Chawkbazar,""Chawk Bazar"",""Chawkbazar Chattogram""}",22.356200,91.837200,"manual_seed","t","2026-06-11 03:54:13.362297+00","2026-06-11 03:54:13.362297+00"
"a16b3132-4932-46da-af95-3adc82ff54af","Chattogram","Chittagong University","{""Chittagong University"",""University of Chittagong"",CU,""Chattogram University""}",22.471600,91.789000,"manual_seed","t","2026-06-11 03:54:13.362297+00","2026-06-11 03:54:13.362297+00"
"11ab732f-a140-486e-b4a4-e19bcbe9d307","Chattogram","Dewanhat","{Dewanhat,""Dewan Hat""}",22.333400,91.817700,"manual_seed","t","2026-06-11 03:54:13.362297+00","2026-06-11 03:54:13.362297+00"
"4eb00981-3f4a-48f7-b7a3-902d36c50113","Chattogram","EPZ Chattogram","{EPZ,CEPZ,""Chattogram EPZ"",""Chittagong EPZ""}",22.292200,91.781400,"manual_seed","t","2026-06-11 03:54:13.362297+00","2026-06-11 03:54:13.362297+00"
"77a23c99-f381-4fb4-93e7-298a1ab2834e","Chattogram","Foy's Lake","{""Foy's Lake"",""Foys Lake"",""Foy Lake""}",22.372700,91.797400,"manual_seed","t","2026-06-11 03:54:13.362297+00","2026-06-11 03:54:13.362297+00"
"aaf8a675-d55d-45ef-9fae-1c125454bca4","Chattogram","GEC Circle","{GEC,""GEC Circle"",""GEC Mor"",""GEC intersection""}",22.359700,91.821500,"manual_seed","t","2026-06-11 03:54:13.362297+00","2026-06-11 03:54:13.362297+00"
"edacbc8f-78fa-4fe7-9bb9-8616e03f7fdf","Chattogram","Halishahar","{Halishahar,""Halishahar Chattogram""}",22.333300,91.781700,"manual_seed","t","2026-06-11 03:54:13.362297+00","2026-06-11 03:54:13.362297+00"
"e465bdc8-be60-4ca3-b326-610e0ace3181","Chattogram","Karnaphuli","{Karnaphuli,Karnafuli,""Karnaphuli Bridge""}",22.298500,91.881000,"manual_seed","t","2026-06-11 03:54:13.362297+00","2026-06-11 03:54:13.362297+00"
"a0663bb7-a9c9-47ae-b92c-83340365b217","Chattogram","Khulshi","{Khulshi,""Khulshi Chattogram""}",22.364000,91.806400,"manual_seed","t","2026-06-11 03:54:13.362297+00","2026-06-11 03:54:13.362297+00"
"319675ce-9f9c-415b-a01e-2d4f07fdc8df","Chattogram","Kotwali","{Kotwali,""Kotwali Chattogram"",""Kotwali Chittagong""}",22.337100,91.837600,"manual_seed","t","2026-06-11 03:54:13.362297+00","2026-06-11 03:54:13.362297+00"
"6835200f-a6ce-41dd-be93-377b0718476c","Chattogram","Lalkhan Bazar","{""Lalkhan Bazar"",""Lalkhan Bazaar""}",22.351600,91.818200,"manual_seed","t","2026-06-11 03:54:13.362297+00","2026-06-11 03:54:13.362297+00"
"f1dccbb4-8f7c-4170-854d-77a195b2ccda","Chattogram","Mehedibag","{Mehedibag,Mehedibagh}",22.351400,91.831300,"manual_seed","t","2026-06-11 03:54:13.362297+00","2026-06-11 03:54:13.362297+00"
"2efa3d6d-dd50-4023-b4a8-93b121b48d9a","Chattogram","Muradpur","{Muradpur,""Muradpur Chattogram""}",22.367000,91.831000,"manual_seed","t","2026-06-11 03:54:13.362297+00","2026-06-11 03:54:13.362297+00"
"f4d4b413-0993-404c-856a-fad1e36dc147","Chattogram","Nasirabad","{Nasirabad,""Nasirabad Chattogram""}",22.373200,91.810900,"manual_seed","t","2026-06-11 03:54:13.362297+00","2026-06-11 03:54:13.362297+00"
"41f36622-7052-4054-872e-2d421a71acb1","Chattogram","New Market Chattogram","{""New Market Chattogram"",""Chattogram New Market"",""Chittagong New Market""}",22.335500,91.831700,"manual_seed","t","2026-06-11 03:54:13.362297+00","2026-06-11 03:54:13.362297+00"
"179d009a-db03-46bf-823c-4a1934c7c0b1","Chattogram","Oxygen Mor","{Oxygen,""Oxygen Mor"",""Oxygen Circle""}",22.384700,91.822600,"manual_seed","t","2026-06-11 03:54:13.362297+00","2026-06-11 03:54:13.362297+00"
"0dcb2114-b072-4787-85f6-01d573600eb8","Chattogram","Pahartali","{Pahartali,""Pahartali Chattogram""}",22.367800,91.785400,"manual_seed","t","2026-06-11 03:54:13.362297+00","2026-06-11 03:54:13.362297+00"
"51c25195-112d-4485-86ab-5d82983eafa1","Chattogram","Panchlaish","{Panchlaish,""Panchlaish Chattogram""}",22.359400,91.837700,"manual_seed","t","2026-06-11 03:54:13.362297+00","2026-06-11 03:54:13.362297+00"
"d6cbe480-59a2-4479-bd3d-59a5bd3cf3ee","Chattogram","Patenga","{Patenga,""Patenga Beach"",""Patenga Chattogram""}",22.235900,91.791800,"manual_seed","t","2026-06-11 03:54:13.362297+00","2026-06-11 03:54:13.362297+00"
"8ca94f9c-d7ff-4b83-8ff6-e53ccaaa25b0","Chattogram","Sholoshahar","{Sholoshahar,Soloshahar,Sholoshohor}",22.366000,91.820000,"manual_seed","t","2026-06-11 03:54:13.362297+00","2026-06-11 03:54:13.362297+00"
"480f373b-0184-4908-b50b-c872b5c7e060","Chattogram","Tigerpass","{Tigerpass,""Tiger Pass""}",22.343900,91.818900,"manual_seed","t","2026-06-11 03:54:13.362297+00","2026-06-11 03:54:13.362297+00"
"3c83830d-6142-4c64-a810-bd8924b4e0be","Chattogram","WASA Circle","{WASA,""WASA Circle"",""Wasa Mor""}",22.357300,91.821200,"manual_seed","t","2026-06-11 03:54:13.362297+00","2026-06-11 03:54:13.362297+00"
"ecd846d1-8c40-4f57-9e7d-2e38c8dd887c","Chuadanga","Chuadanga Bus Terminal","{""Chuadanga Bus Terminal"",""Chuadanga Bus Terminal Chuadanga"",""Chuadanga Bus Terminal, Chuadanga""}",23.545200,89.162957,"ors_geocoding","t","2026-06-11 03:53:38.626404+00","2026-06-11 03:59:06.756458+00"
"fe192489-7b1d-401c-ad3d-adbb641b0625","Chuadanga","Chuadanga Govt College","{""Chuadanga Govt College"",""Chuadanga Govt College Chuadanga"",""Chuadanga Govt College, Chuadanga""}",23.643244,88.848241,"ors_geocoding","t","2026-06-11 03:53:38.626404+00","2026-06-11 03:59:07.977067+00"
"36211ccf-b0ce-4d70-a027-1586a022fc23","Chuadanga","Chuadanga Railway Station","{""Chuadanga Railway Station"",""Chuadanga Railway Station Chuadanga"",""Chuadanga Railway Station, Chuadanga""}",23.639670,88.856440,"ors_geocoding","t","2026-06-11 03:53:38.626404+00","2026-06-11 03:59:09.103616+00"
"fe5254c7-a7c6-40f8-8ac0-a655ce5bf498","Chuadanga","Chuadanga Sadar","{""Chuadanga Sadar"",""Chuadanga Sadar Chuadanga"",""Chuadanga Sadar, Chuadanga""}",23.642990,88.852910,"ors_geocoding","t","2026-06-11 03:53:38.626404+00","2026-06-11 03:59:10.19254+00"
"3ab64493-a1e8-4618-9cde-0f7c9248fe08","Chuadanga","Chuadanga Sadar Hospital","{""Chuadanga Sadar Hospital"",""Chuadanga Sadar Hospital Chuadanga"",""Chuadanga Sadar Hospital, Chuadanga""}",23.635140,88.847235,"ors_geocoding","t","2026-06-11 03:53:38.626404+00","2026-06-11 03:59:11.464303+00"
"bd199cb2-7fa6-4700-b6a6-bc97af44cff7","Cox's Bazar","Cox's Bazar Bus Terminal","{""Cox's Bazar Bus Terminal"",""Cox's Bazar Bus Terminal Cox's Bazar"",""Cox's Bazar Bus Terminal, Cox's Bazar""}",21.352809,92.078364,"ors_geocoding","t","2026-06-11 03:53:38.626404+00","2026-06-11 03:59:12.642969+00"
"c12df3c4-bd29-4802-92e4-2834cee88223","Cox's Bazar","Cox's Bazar Sadar Hospital","{""Cox's Bazar Sadar Hospital"",""Cox's Bazar Sadar Hospital Cox's Bazar"",""Cox's Bazar Sadar Hospital, Cox's Bazar""}",21.352809,92.078364,"ors_geocoding","t","2026-06-11 03:53:38.626404+00","2026-06-11 03:59:13.837993+00"
"2ae9bfbd-1b68-4856-81fb-008f431719da","Cox's Bazar","Kolatoli","{Kolatoli,""Kolatoli Cox's Bazar"",""Kolatoli, Cox's Bazar""}",21.420776,91.983256,"ors_geocoding","t","2026-06-11 03:53:38.626404+00","2026-06-11 03:59:15.045487+00"
"54de7163-dfb9-4c08-8311-ad29def76549","Cox's Bazar","Laboni Point","{""Laboni Point"",""Laboni Point Cox's Bazar"",""Laboni Point, Cox's Bazar""}",21.428586,91.973490,"ors_geocoding","t","2026-06-11 03:53:38.626404+00","2026-06-11 03:59:16.270284+00"
"63310ac8-1b01-4488-9851-4d403c0a155c","Cox's Bazar","Sugandha Point","{""Sugandha Point"",""Sugandha Point Cox's Bazar"",""Sugandha Point, Cox's Bazar""}",22.365432,91.830267,"ors_geocoding","t","2026-06-11 03:53:38.626404+00","2026-06-11 03:59:17.50222+00"
"e221d774-236a-459e-bd53-61268a9adbfb","Cumilla","Cumilla Cantonment","{""Cumilla Cantonment"",""Cumilla Cantonment Cumilla"",""Cumilla Cantonment, Cumilla""}",23.441700,91.009870,"ors_geocoding","t","2026-06-11 03:53:38.626404+00","2026-06-11 03:59:18.627146+00"
"cbd7fbe0-580c-447a-810b-6ff3e4a1128b","Cumilla","Cumilla Medical College","{""Cumilla Medical College"",""Cumilla Medical College Cumilla"",""Cumilla Medical College, Cumilla""}",23.770271,90.360680,"ors_geocoding","t","2026-06-11 03:53:38.626404+00","2026-06-11 03:59:19.75904+00"
"b6885a4b-b0cc-42ab-b791-e9b7f21ea13c","Cumilla","Cumilla Railway Station","{""Cumilla Railway Station"",""Cumilla Railway Station Cumilla"",""Cumilla Railway Station, Cumilla""}",22.680101,91.632610,"ors_geocoding","t","2026-06-11 03:53:38.626404+00","2026-06-11 03:59:20.890189+00"
"b4b2478f-05f0-482c-9585-9e7714acfbb6","Cumilla","Kandirpar","{Kandirpar,""Kandirpar Cumilla"",""Kandirpar, Cumilla""}",23.461860,91.185040,"ors_geocoding","t","2026-06-11 03:53:38.626404+00","2026-06-11 03:59:22.005143+00"
"5bf2a069-8fdf-46d7-bc69-2571ac04a471","Cumilla","Tomchom Bridge","{""Tomchom Bridge"",""Tomchom Bridge Cumilla"",""Tomchom Bridge, Cumilla""}",23.461860,91.185040,"ors_geocoding","t","2026-06-11 03:53:38.626404+00","2026-06-11 03:59:23.133926+00"
"122cbb6a-cc50-45f8-b34f-eecc32b5651d","Dhaka","Airport Road","{""Airport Road"",""Dhaka Airport Road"",""Hazrat Shahjalal Airport Road""}",23.851600,90.408600,"manual_seed","t","2026-06-11 03:54:13.362297+00","2026-06-11 03:54:13.362297+00"
"80404763-a730-4507-891b-70bccd4073f7","Dhaka","Badda","{Badda,""Middle Badda"",""North Badda""}",23.780100,90.426000,"manual_seed","t","2026-06-11 03:54:13.362297+00","2026-06-11 03:54:13.362297+00"
"84fb3d22-615e-4206-84ab-533fb81db618","Dhaka","Bailey Road","{""Bailey Road"",""Baily Road"",""Baily Road Dhaka""}",23.738700,90.407400,"manual_seed","t","2026-06-11 03:54:13.362297+00","2026-06-11 03:54:13.362297+00"
"b5aefb50-8041-45fe-9d3d-04d1a641fa21","Dhaka","Banani","{Banani,""Banani 11"",""Banani Road 11""}",23.793700,90.404300,"manual_seed","t","2026-06-11 03:54:13.362297+00","2026-06-11 03:54:13.362297+00"
"765507b5-788d-4179-94d0-7f7c11681b1f","Dhaka","Bashundhara R/A","{Bashundhara,""Bashundhara R/A"",""Bashundhara Residential Area""}",23.815100,90.427200,"manual_seed","t","2026-06-11 03:54:13.362297+00","2026-06-11 03:54:13.362297+00"
"47ca7bf4-2c2d-49df-803b-c55eb828370d","Dhaka","Dhanmondi","{Dhanmondi,""Dhanmondi 27"",""Dhanmondi 32"",""Satmasjid Road""}",23.746100,90.374200,"manual_seed","t","2026-06-11 03:54:13.362297+00","2026-06-11 03:54:13.362297+00"
"8f99f66c-9740-433b-9ac2-3fc334fd9cac","Dhaka","Elephant Road","{""Elephant Road"",Hatirpool,""Science Lab""}",23.738900,90.386500,"manual_seed","t","2026-06-11 03:54:13.362297+00","2026-06-11 03:54:13.362297+00"
"2dd2b5dd-5360-4aef-9457-b0a35d770344","Dhaka","Farmgate","{Farmgate,""Farm Gate"",""Farmgate Dhaka""}",23.757600,90.390600,"manual_seed","t","2026-06-11 03:54:13.362297+00","2026-06-11 03:54:13.362297+00"
"d8830606-7072-40cc-b8a8-e64cdb2f169f","Dhaka","Gulshan","{Gulshan,""Gulshan 1"",""Gulshan 2"",""Gulshan Circle""}",23.780600,90.416700,"manual_seed","t","2026-06-11 03:54:13.362297+00","2026-06-11 03:54:13.362297+00"
"726672ea-2fd3-4a5c-b515-3eff5d3bb6cb","Dhaka","Jatrabari","{Jatrabari,""Jatrabari intersection""}",23.710400,90.434900,"manual_seed","t","2026-06-11 03:54:13.362297+00","2026-06-11 03:54:13.362297+00"
"fe32cd4e-0e89-4c0a-9c6f-4d0ac51e5a6c","Dhaka","Khilgaon","{Khilgaon,""Khilgaon Dhaka""}",23.750900,90.425300,"manual_seed","t","2026-06-11 03:54:13.362297+00","2026-06-11 03:54:13.362297+00"
"d6126f6a-c835-4124-9567-5473acc6e7b4","Dhaka","Lalbagh","{Lalbagh,""Lalbagh Fort""}",23.718900,90.388100,"manual_seed","t","2026-06-11 03:54:13.362297+00","2026-06-11 03:54:13.362297+00"
"7c4ff5ee-6c90-47fb-b966-d1b067ecf204","Dhaka","Malibagh","{Malibagh,Mouchak,""Moghbazar Malibagh""}",23.747100,90.414600,"manual_seed","t","2026-06-11 03:54:13.362297+00","2026-06-11 03:54:13.362297+00"
"90a5ae59-90b6-4407-92b5-871edcd46793","Dhaka","Mirpur 10","{""Mirpur 10"",Mirpur-10,""Mirpur Circle 10""}",23.806700,90.368600,"manual_seed","t","2026-06-11 03:54:13.362297+00","2026-06-11 03:54:13.362297+00"
"69bd38ac-7b4f-42d1-81e2-a92e18dc41c6","Dhaka","Mohammadpur","{Mohammadpur,""Mohammadpur Town Hall"",""Town Hall Mohammadpur""}",23.765700,90.358900,"manual_seed","t","2026-06-11 03:54:13.362297+00","2026-06-11 03:54:13.362297+00"
"338d3aca-d428-45fb-a084-aa00e2724197","Dhaka","Motijheel","{Motijheel,""Motijheel Commercial Area""}",23.733000,90.417200,"manual_seed","t","2026-06-11 03:54:13.362297+00","2026-06-11 03:54:13.362297+00"
"221da65a-fc35-45bc-be72-8a78956aaf54","Dhaka","New Market","{""New Market"",""Dhaka New Market""}",23.733200,90.385700,"manual_seed","t","2026-06-11 03:54:13.362297+00","2026-06-11 03:54:13.362297+00"
"344ad4a3-b730-4272-92c0-3e7c6e8aac2f","Dhaka","Paltan","{Paltan,""Naya Paltan"",""Purana Paltan""}",23.736200,90.414200,"manual_seed","t","2026-06-11 03:54:13.362297+00","2026-06-11 03:54:13.362297+00"
"0cd8295b-6724-45c8-865a-05da1ac75747","Dhaka","Rampura","{Rampura,""Rampura Bridge"",""Banasree Rampura""}",23.763900,90.421700,"manual_seed","t","2026-06-11 03:54:13.362297+00","2026-06-11 03:54:13.362297+00"
"4fa6d1ed-3d3b-4bbb-bbe9-ad4af550b16a","Dhaka","Sadarghat","{Sadarghat,""Sadarghat Launch Terminal""}",23.710400,90.407400,"manual_seed","t","2026-06-11 03:54:13.362297+00","2026-06-11 03:54:13.362297+00"
"b8702e7c-b5ed-4ac8-a478-00e6fc08677f","Dhaka","Shahbagh","{Shahbagh,Shahbag,""Shahbagh intersection""}",23.738000,90.395800,"manual_seed","t","2026-06-11 03:54:13.362297+00","2026-06-11 03:54:13.362297+00"
"0d1d91a1-1c87-4fbe-8087-4bcb458b0700","Dhaka","Tejgaon","{Tejgaon,""Tejgaon Industrial Area""}",23.763100,90.400300,"manual_seed","t","2026-06-11 03:54:13.362297+00","2026-06-11 03:54:13.362297+00"
"8230a482-d343-41d5-9678-5b67a779a486","Dhaka","Uttara","{Uttara,""Uttara Sector 4"",""Uttara Sector 7"",""Uttara Sector""}",23.872400,90.395300,"manual_seed","t","2026-06-11 03:54:13.362297+00","2026-06-11 03:54:13.362297+00"
"05714afa-0e11-4dc5-afa5-ddaec8bc2341","Dhaka","Wari","{Wari,""Old Dhaka Wari""}",23.711500,90.417700,"manual_seed","t","2026-06-11 03:54:13.362297+00","2026-06-11 03:54:13.362297+00"
"32be56cd-595e-4ba7-88ca-624c20b1f57d","Dinajpur","Dinajpur Bus Terminal","{""Dinajpur Bus Terminal"",""Dinajpur Bus Terminal Dinajpur"",""Dinajpur Bus Terminal, Dinajpur""}",25.644458,88.647967,"ors_geocoding","t","2026-06-11 03:53:38.626404+00","2026-06-11 03:59:24.361829+00"
"658884fe-3233-4020-8298-07f33d48ed9d","Dinajpur","Dinajpur Medical College","{""Dinajpur Medical College"",""Dinajpur Medical College Dinajpur"",""Dinajpur Medical College, Dinajpur""}",25.609708,88.657449,"ors_geocoding","t","2026-06-11 03:53:38.626404+00","2026-06-11 03:59:25.58899+00"
"6821c47b-503b-4236-9214-f1df6f83e7c2","Dinajpur","Dinajpur Railway Station","{""Dinajpur Railway Station"",""Dinajpur Railway Station Dinajpur"",""Dinajpur Railway Station, Dinajpur""}",25.664480,88.587280,"ors_geocoding","t","2026-06-11 03:53:38.626404+00","2026-06-11 03:59:26.781874+00"
"38355f88-9877-4c02-ae31-2c5e4320417f","Dinajpur","Dinajpur Sadar","{""Dinajpur Sadar"",""Dinajpur Sadar Dinajpur"",""Dinajpur Sadar, Dinajpur""}",25.627450,88.637790,"ors_geocoding","t","2026-06-11 03:53:38.626404+00","2026-06-11 03:59:27.862337+00"
"b0f142c6-48b7-4976-b8c9-e8e8a3801bd4","Dinajpur","Lily Mor","{""Lily Mor"",""Lily Mor Dinajpur"",""Lily Mor, Dinajpur""}",25.627450,88.637790,"ors_geocoding","t","2026-06-11 03:53:38.626404+00","2026-06-11 03:59:28.932381+00"
"cd495888-714d-40e1-bd29-853818b42a5d","Faridpur","Faridpur Bus Stand","{""Faridpur Bus Stand"",""Faridpur Bus Stand Faridpur"",""Faridpur Bus Stand, Faridpur""}",23.606120,89.840640,"ors_geocoding","t","2026-06-11 03:53:38.626404+00","2026-06-11 03:59:30.099932+00"
"05d7536a-12db-4531-aabc-50dcbfaa7aa3","Faridpur","Faridpur Medical College","{""Faridpur Medical College"",""Faridpur Medical College Faridpur"",""Faridpur Medical College, Faridpur""}",23.588129,89.835258,"ors_geocoding","t","2026-06-11 03:53:38.626404+00","2026-06-11 03:59:31.330829+00"
"9de373ad-c0ae-4665-af82-ee3ae379f2b0","Faridpur","Faridpur Railway Station","{""Faridpur Railway Station"",""Faridpur Railway Station Faridpur"",""Faridpur Railway Station, Faridpur""}",23.537151,89.654140,"ors_geocoding","t","2026-06-11 03:53:38.626404+00","2026-06-11 03:59:32.459189+00"
"ceedc4cf-af25-4cd7-88e5-f10462295334","Faridpur","Faridpur Sadar","{""Faridpur Sadar"",""Faridpur Sadar Faridpur"",""Faridpur Sadar, Faridpur""}",23.606120,89.840640,"ors_geocoding","t","2026-06-11 03:53:38.626404+00","2026-06-11 03:59:33.683025+00"
"0dde6dd7-939a-4593-ab91-bf74a19c2fec","Faridpur","Goalchamot","{Goalchamot,""Goalchamot Faridpur"",""Goalchamot, Faridpur""}",23.593600,89.820100,"manual_coordinate","t","2026-06-11 03:53:38.626404+00","2026-06-11 04:08:06.591126+00"
"a46c51d2-1743-4110-9c37-84706dfc0ef4","Feni","Feni Bus Terminal","{""Feni Bus Terminal"",""Feni Bus Terminal Feni"",""Feni Bus Terminal, Feni""}",22.656348,90.662246,"ors_geocoding","t","2026-06-11 03:53:38.626404+00","2026-06-11 03:59:35.7348+00"
"fa055a76-2e50-4add-9a1c-f9a6abb3d250","Feni","Feni General Hospital","{""Feni General Hospital"",""Feni General Hospital Feni"",""Feni General Hospital, Feni""}",23.029805,91.405948,"ors_geocoding","t","2026-06-11 03:53:38.626404+00","2026-06-11 03:59:36.870843+00"
"c7b81315-385d-4070-9af0-d01cb8d5b6fe","Feni","Feni Mohipal","{""Feni Mohipal"",""Feni Mohipal Feni"",""Feni Mohipal, Feni""}",23.011340,91.401300,"ors_geocoding","t","2026-06-11 03:53:38.626404+00","2026-06-11 03:59:37.983206+00"
"31ce254f-8a9d-4f4e-bbc9-48183cb30321","Feni","Feni Railway Station","{""Feni Railway Station"",""Feni Railway Station Feni"",""Feni Railway Station, Feni""}",23.001672,91.391052,"ors_geocoding","t","2026-06-11 03:53:38.626404+00","2026-06-11 03:59:39.110071+00"
"7b9cb41a-3332-4a0b-91ca-9ed0ad3aebda","Feni","Feni Sadar","{""Feni Sadar"",""Feni Sadar Feni"",""Feni Sadar, Feni""}",23.011340,91.401300,"ors_geocoding","t","2026-06-11 03:53:38.626404+00","2026-06-11 03:59:40.341491+00"
"a74ce809-77f4-481f-91fa-05b716a60750","Gaibandha","Gaibandha Bus Terminal","{""Gaibandha Bus Terminal"",""Gaibandha Bus Terminal Gaibandha"",""Gaibandha Bus Terminal, Gaibandha""}",25.282664,89.354263,"ors_geocoding","t","2026-06-11 03:53:38.626404+00","2026-06-11 03:59:41.47276+00"
"85cd90f4-93c3-4627-ad08-aab6aad31cc5","Gaibandha","Gaibandha Govt College","{""Gaibandha Govt College"",""Gaibandha Govt College Gaibandha"",""Gaibandha Govt College, Gaibandha""}",25.320241,89.543865,"ors_geocoding","t","2026-06-11 03:53:38.626404+00","2026-06-11 03:59:42.603632+00"
"005e4266-aeb3-4ca4-a856-55bdaf58e05b","Gaibandha","Gaibandha Railway Station","{""Gaibandha Railway Station"",""Gaibandha Railway Station Gaibandha"",""Gaibandha Railway Station, Gaibandha""}",22.680101,91.632610,"ors_geocoding","t","2026-06-11 03:53:38.626404+00","2026-06-11 03:59:43.725509+00"
"97c4da6a-e797-4482-a434-8727f4a8b496","Gaibandha","Gaibandha Sadar","{""Gaibandha Sadar"",""Gaibandha Sadar Gaibandha"",""Gaibandha Sadar, Gaibandha""}",25.329300,89.543800,"ors_geocoding","t","2026-06-11 03:53:38.626404+00","2026-06-11 03:59:44.852885+00"
"1678bb89-54f2-4246-b7c5-7bfafdddfa74","Gaibandha","Gaibandha Sadar Hospital","{""Gaibandha Sadar Hospital"",""Gaibandha Sadar Hospital Gaibandha"",""Gaibandha Sadar Hospital, Gaibandha""}",25.327255,89.537638,"ors_geocoding","t","2026-06-11 03:53:38.626404+00","2026-06-11 03:59:45.97337+00"
"67e8377f-f926-43f3-a194-0a5d63af7c68","Gazipur","Board Bazar","{""Board Bazar"",""Board Bazar Gazipur"",""Board Bazar, Gazipur""}",24.126097,90.472114,"ors_geocoding","t","2026-06-11 03:53:38.626404+00","2026-06-11 03:59:47.202732+00"
"2c1c09ef-e583-44d8-95c6-f1ac1be93150","Gazipur","Gazipur Chowrasta","{""Gazipur Chowrasta"",""Gazipur Chowrasta Gazipur"",""Gazipur Chowrasta, Gazipur""}",24.126097,90.472114,"ors_geocoding","t","2026-06-11 03:53:38.626404+00","2026-06-11 03:59:48.3473+00"
"7d085bfe-b416-4727-9233-8976c5ea9c82","Gazipur","Joydebpur Railway Station","{""Joydebpur Railway Station"",""Joydebpur Railway Station Gazipur"",""Joydebpur Railway Station, Gazipur""}",24.002580,90.420102,"ors_geocoding","t","2026-06-11 03:53:38.626404+00","2026-06-11 03:59:49.660113+00"
"887a5a90-1255-4ea0-b85d-8f945b59dc6c","Gazipur","Konabari","{Konabari,""Konabari Gazipur"",""Konabari, Gazipur""}",24.126097,90.472114,"ors_geocoding","t","2026-06-11 03:53:38.626404+00","2026-06-11 03:59:50.887805+00"
"d9170f98-72cc-4302-93d1-9e6948c606c9","Gazipur","Tongi Station Road","{""Tongi Station Road"",""Tongi Station Road Gazipur"",""Tongi Station Road, Gazipur""}",24.126097,90.472114,"ors_geocoding","t","2026-06-11 03:53:38.626404+00","2026-06-11 03:59:52.030133+00"
"44c8a677-1f66-4272-b6ca-cea00f14ee03","Gopalganj","Bangabandhu Sheikh Mujibur Rahman Science and Technology University","{""Bangabandhu Sheikh Mujibur Rahman Science and Technology University"",""Bangabandhu Sheikh Mujibur Rahman Science and Technology University Gopalganj"",""Bangabandhu Sheikh Mujibur Rahman Science and Technology University, Gopalganj""}",22.965870,89.817329,"ors_geocoding","t","2026-06-11 03:53:38.626404+00","2026-06-11 03:59:53.243292+00"
"5992d435-964b-4e62-8889-eca50e9dbcfa","Gopalganj","Gopalganj Bus Terminal","{""Gopalganj Bus Terminal"",""Gopalganj Bus Terminal Gopalganj"",""Gopalganj Bus Terminal, Gopalganj""}",22.656348,90.662246,"ors_geocoding","t","2026-06-11 03:53:38.626404+00","2026-06-11 03:59:54.370172+00"
"b563292d-ec94-41ab-a89d-7ff6375d758c","Gopalganj","Gopalganj General Hospital","{""Gopalganj General Hospital"",""Gopalganj General Hospital Gopalganj"",""Gopalganj General Hospital, Gopalganj""}",22.998509,89.819274,"ors_geocoding","t","2026-06-11 03:53:38.626404+00","2026-06-11 03:59:55.600399+00"
"99a80787-2e28-4a08-87c8-5b028c14ec65","Gopalganj","Gopalganj Launch Ghat","{""Gopalganj Launch Ghat"",""Gopalganj Launch Ghat Gopalganj"",""Gopalganj Launch Ghat, Gopalganj""}",23.010180,89.832780,"ors_geocoding","t","2026-06-11 03:53:38.626404+00","2026-06-11 03:59:56.82752+00"
"99721bb3-565e-40de-a56b-029e7dd62da4","Gopalganj","Gopalganj Sadar","{""Gopalganj Sadar"",""Gopalganj Sadar Gopalganj"",""Gopalganj Sadar, Gopalganj""}",23.010180,89.832780,"ors_geocoding","t","2026-06-11 03:53:38.626404+00","2026-06-11 03:59:57.954079+00"
"4960c549-97d7-4964-a7aa-8cf6a5971910","Habiganj","Habiganj Bus Stand","{""Habiganj Bus Stand"",""Habiganj Bus Stand Habiganj"",""Habiganj Bus Stand, Habiganj""}",24.380440,91.413000,"ors_geocoding","t","2026-06-11 03:53:38.626404+00","2026-06-11 03:59:59.081387+00"
"adc49a21-2e31-4029-a45a-21b13b16434b","Habiganj","Habiganj Govt High School Road","{""Habiganj Govt High School Road"",""Habiganj Govt High School Road Habiganj"",""Habiganj Govt High School Road, Habiganj""}",24.380440,91.413000,"ors_geocoding","t","2026-06-11 03:53:38.626404+00","2026-06-11 04:00:00.311133+00"
"131cb56a-c62f-4069-a690-016c462e373a","Habiganj","Habiganj Sadar","{""Habiganj Sadar"",""Habiganj Sadar Habiganj"",""Habiganj Sadar, Habiganj""}",24.380440,91.413000,"ors_geocoding","t","2026-06-11 03:53:38.626404+00","2026-06-11 04:00:01.445563+00"
"008505f3-cfe8-44d9-ac96-e1ea20bc075e","Habiganj","Habiganj Sadar Hospital","{""Habiganj Sadar Hospital"",""Habiganj Sadar Hospital Habiganj"",""Habiganj Sadar Hospital, Habiganj""}",24.373729,91.416070,"ors_geocoding","t","2026-06-11 03:53:38.626404+00","2026-06-11 04:00:02.570295+00"
"e6f19f0c-b4bf-441e-bc60-4568260da625","Habiganj","Shaistaganj Railway Station","{""Shaistaganj Railway Station"",""Shaistaganj Railway Station Habiganj"",""Shaistaganj Railway Station, Habiganj""}",24.278364,91.450383,"ors_geocoding","t","2026-06-11 03:53:38.626404+00","2026-06-11 04:00:03.702272+00"
"2f835f4d-5b1a-4bbf-9080-fd0dd104a2ba","Jamalpur","Jamalpur Bus Terminal","{""Jamalpur Bus Terminal"",""Jamalpur Bus Terminal Jamalpur"",""Jamalpur Bus Terminal, Jamalpur""}",24.904799,89.950009,"ors_geocoding","t","2026-06-11 03:53:38.626404+00","2026-06-11 04:00:04.818568+00"
"f5e250aa-b802-442e-b136-d84ff8309d2c","Jamalpur","Jamalpur General Hospital","{""Jamalpur General Hospital"",""Jamalpur General Hospital Jamalpur"",""Jamalpur General Hospital, Jamalpur""}",24.933192,89.942218,"ors_geocoding","t","2026-06-11 03:53:38.626404+00","2026-06-11 04:00:06.041151+00"
"dba21b87-a238-4acd-b779-3ad00ea7dded","Jamalpur","Jamalpur Govt College","{""Jamalpur Govt College"",""Jamalpur Govt College Jamalpur"",""Jamalpur Govt College, Jamalpur""}",24.956382,89.850674,"ors_geocoding","t","2026-06-11 03:53:38.626404+00","2026-06-11 04:00:07.248856+00"
"07d85015-dcea-4a8f-8003-53f1d0782a8f","Jamalpur","Jamalpur Railway Station","{""Jamalpur Railway Station"",""Jamalpur Railway Station Jamalpur"",""Jamalpur Railway Station, Jamalpur""}",24.904799,89.950009,"ors_geocoding","t","2026-06-11 03:53:38.626404+00","2026-06-11 04:00:08.394232+00"
"e9f5f4ae-c3e8-412b-9289-afda411351a4","Jamalpur","Jamalpur Sadar","{""Jamalpur Sadar"",""Jamalpur Sadar Jamalpur"",""Jamalpur Sadar, Jamalpur""}",24.919650,89.948120,"ors_geocoding","t","2026-06-11 03:53:38.626404+00","2026-06-11 04:00:09.503583+00"
"7f34f6af-8f5d-4dde-98b1-1a92de552dcf","Jashore","Chanchra","{Chanchra,""Chanchra Jashore"",""Chanchra, Jashore""}",23.168306,89.210408,"ors_geocoding","t","2026-06-11 03:53:38.626404+00","2026-06-11 04:00:10.65063+00"
"e63ea25b-0b9b-4955-9761-5d9ed9e7afed","Jashore","Jashore Bus Terminal","{""Jashore Bus Terminal"",""Jashore Bus Terminal Jashore"",""Jashore Bus Terminal, Jashore""}",22.656348,90.662246,"ors_geocoding","t","2026-06-11 03:53:38.626404+00","2026-06-11 04:00:12.294465+00"
"9f927e9b-1c67-46ae-bc57-91e106ce81fc","Jashore","Jashore Daratana","{""Jashore Daratana"",""Jashore Daratana Jashore"",""Jashore Daratana, Jashore""}",23.168306,89.210408,"ors_geocoding","t","2026-06-11 03:53:38.626404+00","2026-06-11 04:00:13.415316+00"
"b50f0ba2-df69-4d2f-b805-3891ee2f9712","Jashore","Jashore Medical College","{""Jashore Medical College"",""Jashore Medical College Jashore"",""Jashore Medical College, Jashore""}",23.167894,89.209835,"ors_geocoding","t","2026-06-11 03:53:38.626404+00","2026-06-11 04:00:14.55763+00"
"db97aa6c-0580-49e0-8e25-326b598e32d2","Jashore","Jashore Railway Station","{""Jashore Railway Station"",""Jashore Railway Station Jashore"",""Jashore Railway Station, Jashore""}",22.680101,91.632610,"ors_geocoding","t","2026-06-11 03:53:38.626404+00","2026-06-11 04:00:15.660158+00"
"118c1f95-c3d4-4cb5-a9d7-b777e05a690c","Jhalokati","Jhalokati Bus Stand","{""Jhalokati Bus Stand"",""Jhalokati Bus Stand Jhalokati"",""Jhalokati Bus Stand, Jhalokati""}",22.559352,90.139273,"ors_geocoding","t","2026-06-11 03:53:38.626404+00","2026-06-11 04:00:16.794025+00"
"ce72ee36-5bd0-4ad0-9a0b-a443685766ea","Jhalokati","Jhalokati Govt College","{""Jhalokati Govt College"",""Jhalokati Govt College Jhalokati"",""Jhalokati Govt College, Jhalokati""}",22.649430,90.198680,"ors_geocoding","t","2026-06-11 03:53:38.626404+00","2026-06-11 04:00:17.926382+00"
"cda06925-4612-4e05-a547-6cb9c6ec9eda","Jhalokati","Jhalokati Launch Ghat","{""Jhalokati Launch Ghat"",""Jhalokati Launch Ghat Jhalokati"",""Jhalokati Launch Ghat, Jhalokati""}",22.633647,90.193738,"ors_geocoding","t","2026-06-11 03:53:38.626404+00","2026-06-11 04:00:19.058131+00"
"d6ce7c2d-07da-4346-b4b2-b56ca1699af2","Jhalokati","Jhalokati Sadar","{""Jhalokati Sadar"",""Jhalokati Sadar Jhalokati"",""Jhalokati Sadar, Jhalokati""}",22.640600,90.198680,"ors_geocoding","t","2026-06-11 03:53:38.626404+00","2026-06-11 04:00:20.110528+00"
"ecad20ef-5133-47ef-bfbd-3f40f6f59cc3","Jhalokati","Jhalokati Sadar Hospital","{""Jhalokati Sadar Hospital"",""Jhalokati Sadar Hospital Jhalokati"",""Jhalokati Sadar Hospital, Jhalokati""}",22.640600,90.198680,"ors_geocoding","t","2026-06-11 03:53:38.626404+00","2026-06-11 04:00:21.303135+00"
"90f81f0e-eb32-49f5-8745-1f145d6859b4","Jhenaidah","Jhenaidah Bus Terminal","{""Jhenaidah Bus Terminal"",""Jhenaidah Bus Terminal Jhenaidah"",""Jhenaidah Bus Terminal, Jhenaidah""}",23.485557,89.417889,"ors_geocoding","t","2026-06-11 03:53:38.626404+00","2026-06-11 04:00:22.532188+00"
"b5abd029-4658-47e6-8a52-452361b95a7e","Jhenaidah","Jhenaidah Cadet College","{""Jhenaidah Cadet College"",""Jhenaidah Cadet College Jhenaidah"",""Jhenaidah Cadet College, Jhenaidah""}",23.567576,89.177080,"ors_geocoding","t","2026-06-11 03:53:38.626404+00","2026-06-11 04:00:23.657151+00"
"3fa51586-480b-43cf-afa7-68087b941fc2","Jhenaidah","Jhenaidah Sadar","{""Jhenaidah Sadar"",""Jhenaidah Sadar Jhenaidah"",""Jhenaidah Sadar, Jhenaidah""}",23.530615,89.172242,"ors_geocoding","t","2026-06-11 03:53:38.626404+00","2026-06-11 04:00:24.788155+00"
"956727b8-6aac-4add-989c-6b1d53d67fe3","Jhenaidah","Jhenaidah Sadar Hospital","{""Jhenaidah Sadar Hospital"",""Jhenaidah Sadar Hospital Jhenaidah"",""Jhenaidah Sadar Hospital, Jhenaidah""}",23.530615,89.172242,"ors_geocoding","t","2026-06-11 03:53:38.626404+00","2026-06-11 04:00:26.010673+00"
"79978eb5-92e9-47ec-b617-c28776c43cf9","Jhenaidah","Payra Chattar Jhenaidah","{""Payra Chattar Jhenaidah"",""Payra Chattar Jhenaidah Jhenaidah"",""Payra Chattar Jhenaidah, Jhenaidah""}",22.958600,89.383390,"ors_geocoding","t","2026-06-11 03:53:38.626404+00","2026-06-11 04:00:27.151541+00"
"db8c1dff-f837-48c8-a4e0-e454887162d4","Joypurhat","Joypurhat Bus Terminal","{""Joypurhat Bus Terminal"",""Joypurhat Bus Terminal Joypurhat"",""Joypurhat Bus Terminal, Joypurhat""}",24.974340,89.014193,"ors_geocoding","t","2026-06-11 03:53:38.626404+00","2026-06-11 04:00:28.367637+00"
"d4c8ab06-d05f-4823-92a3-74c5d1a9290a","Joypurhat","Joypurhat District Hospital","{""Joypurhat District Hospital"",""Joypurhat District Hospital Joypurhat"",""Joypurhat District Hospital, Joypurhat""}",25.126748,89.093079,"ors_geocoding","t","2026-06-11 03:53:38.626404+00","2026-06-11 04:00:29.501388+00"
"16e8ac5d-0ae6-46af-a3e3-4742344ec8bc","Joypurhat","Joypurhat Govt College","{""Joypurhat Govt College"",""Joypurhat Govt College Joypurhat"",""Joypurhat Govt College, Joypurhat""}",25.097788,89.023716,"ors_geocoding","t","2026-06-11 03:53:38.626404+00","2026-06-11 04:00:30.736203+00"
"f14e5885-0716-41d5-a8d6-0db216a2b5ea","Joypurhat","Joypurhat Railway Station","{""Joypurhat Railway Station"",""Joypurhat Railway Station Joypurhat"",""Joypurhat Railway Station, Joypurhat""}",25.098994,89.025758,"ors_geocoding","t","2026-06-11 03:53:38.626404+00","2026-06-11 04:00:31.869299+00"
"d1fc5dbf-ea6a-4d31-9949-281ddfc6f959","Joypurhat","Joypurhat Sadar","{""Joypurhat Sadar"",""Joypurhat Sadar Joypurhat"",""Joypurhat Sadar, Joypurhat""}",25.094460,89.022860,"ors_geocoding","t","2026-06-11 03:53:38.626404+00","2026-06-11 04:00:32.985594+00"
"8582c965-9911-4766-a5ad-af42cbed73d6","Khagrachhari","Alutila Cave","{""Alutila Cave"",""Alutila Cave Khagrachhari"",""Alutila Cave, Khagrachhari""}",23.083565,91.955288,"ors_geocoding","t","2026-06-11 03:53:38.626404+00","2026-06-11 04:00:34.102613+00"
"f0ddbaa0-ae40-4bae-821d-5c970350f452","Khagrachhari","Khagrachhari Bus Terminal","{""Khagrachhari Bus Terminal"",""Khagrachhari Bus Terminal Khagrachhari"",""Khagrachhari Bus Terminal, Khagrachhari""}",22.656348,90.662246,"ors_geocoding","t","2026-06-11 03:53:38.626404+00","2026-06-11 04:00:35.228428+00"
"844bcf1e-d645-4b49-b2f4-f39ad144c771","Khagrachhari","Khagrachhari Sadar","{""Khagrachhari Sadar"",""Khagrachhari Sadar Khagrachhari"",""Khagrachhari Sadar, Khagrachhari""}",23.107870,91.970070,"ors_geocoding","t","2026-06-11 03:53:38.626404+00","2026-06-11 04:00:36.469855+00"
"1db70a9d-6c60-48ae-8d78-481dbbe7003d","Khagrachhari","Khagrachhari Sadar Hospital","{""Khagrachhari Sadar Hospital"",""Khagrachhari Sadar Hospital Khagrachhari"",""Khagrachhari Sadar Hospital, Khagrachhari""}",23.117154,91.975216,"ors_geocoding","t","2026-06-11 03:53:38.626404+00","2026-06-11 04:00:37.590813+00"
"6454c3dc-56d6-4f53-9c3a-2768887ab036","Khagrachhari","Shapla Chattar Khagrachhari","{""Shapla Chattar Khagrachhari"",""Shapla Chattar Khagrachhari Khagrachhari"",""Shapla Chattar Khagrachhari, Khagrachhari""}",24.271815,89.922329,"ors_geocoding","t","2026-06-11 03:53:38.626404+00","2026-06-11 04:00:38.694611+00"
"a0f54978-57c9-495a-a2de-32223e7da070","Khulna","Khalishpur","{Khalishpur,""Khalishpur Khulna"",""Khalishpur, Khulna""}",22.853080,89.544270,"ors_geocoding","t","2026-06-11 03:53:38.626404+00","2026-06-11 04:00:39.707251+00"
"a4f89157-9d2a-412d-81ca-972b853d884c","Khulna","Khulna Medical College","{""Khulna Medical College"",""Khulna Medical College Khulna"",""Khulna Medical College, Khulna""}",22.828592,89.537411,"ors_geocoding","t","2026-06-11 03:53:38.626404+00","2026-06-11 04:00:40.812776+00"
"0dec4a66-f7cd-4b8c-8d75-13e0946d9fa3","Khulna","Khulna Railway Station","{""Khulna Railway Station"",""Khulna Railway Station Khulna"",""Khulna Railway Station, Khulna""}",22.822980,89.558890,"ors_geocoding","t","2026-06-11 03:53:38.626404+00","2026-06-11 04:00:41.888361+00"
"2a1395a7-6ab9-477b-aed4-e7c9ea81d2de","Khulna","Shibbari Mor","{""Shibbari Mor"",""Shibbari Mor Khulna"",""Shibbari Mor, Khulna""}",22.837283,89.540056,"ors_geocoding","t","2026-06-11 03:53:38.626404+00","2026-06-11 04:00:42.907392+00"
"e38fc339-cac8-426e-8493-ae3124f9fd9b","Khulna","Sonadanga Bus Terminal","{""Sonadanga Bus Terminal"",""Sonadanga Bus Terminal Khulna"",""Sonadanga Bus Terminal, Khulna""}",22.815922,89.541378,"ors_geocoding","t","2026-06-11 03:53:38.626404+00","2026-06-11 04:00:44.139185+00"
"e286a2e4-814f-4253-90b5-90a259bdb5da","Kishoreganj","Gouranga Bazar","{""Gouranga Bazar"",""Gouranga Bazar Kishoreganj"",""Gouranga Bazar, Kishoreganj""}",24.043569,90.985168,"ors_geocoding","t","2026-06-11 03:53:38.626404+00","2026-06-11 04:00:45.261915+00"
"5e510296-3e94-461f-a3a7-bdb017147f5b","Kishoreganj","Kishoreganj 250 Bed General Hospital","{""Kishoreganj 250 Bed General Hospital"",""Kishoreganj 250 Bed General Hospital Kishoreganj"",""Kishoreganj 250 Bed General Hospital, Kishoreganj""}",23.168912,89.209026,"ors_geocoding","t","2026-06-11 03:53:38.626404+00","2026-06-11 04:00:46.390436+00"
"990b3691-3244-49f7-b170-fc48e00368ff","Kishoreganj","Kishoreganj Bus Terminal","{""Kishoreganj Bus Terminal"",""Kishoreganj Bus Terminal Kishoreganj"",""Kishoreganj Bus Terminal, Kishoreganj""}",24.630967,90.609965,"ors_geocoding","t","2026-06-11 03:53:38.626404+00","2026-06-11 04:00:47.515095+00"
"c582108d-cf63-4041-ad78-36f0ecb03860","Kishoreganj","Kishoreganj Railway Station","{""Kishoreganj Railway Station"",""Kishoreganj Railway Station Kishoreganj"",""Kishoreganj Railway Station, Kishoreganj""}",22.680101,91.632610,"ors_geocoding","t","2026-06-11 03:53:38.626404+00","2026-06-11 04:00:48.645783+00"
"1247a697-6fa0-42c1-b3cb-26ea69b0243e","Kishoreganj","Kishoreganj Sadar","{""Kishoreganj Sadar"",""Kishoreganj Sadar Kishoreganj"",""Kishoreganj Sadar, Kishoreganj""}",24.439440,90.782910,"ors_geocoding","t","2026-06-11 03:53:38.626404+00","2026-06-11 04:00:49.767718+00"
"b1e93326-c232-46c8-973b-ef1306e70dc5","Kurigram","Kurigram Bus Terminal","{""Kurigram Bus Terminal"",""Kurigram Bus Terminal Kurigram"",""Kurigram Bus Terminal, Kurigram""}",25.716858,89.263397,"ors_geocoding","t","2026-06-11 03:53:38.626404+00","2026-06-11 04:00:50.899688+00"
"b840579e-13a3-4948-b6f1-92c462534820","Kurigram","Kurigram General Hospital","{""Kurigram General Hospital"",""Kurigram General Hospital Kurigram"",""Kurigram General Hospital, Kurigram""}",25.808368,89.645139,"ors_geocoding","t","2026-06-11 03:53:38.626404+00","2026-06-11 04:00:52.122251+00"
"66c96674-45ef-4db9-9197-9253fe2d60ca","Kurigram","Kurigram Railway Station","{""Kurigram Railway Station"",""Kurigram Railway Station Kurigram"",""Kurigram Railway Station, Kurigram""}",25.716858,89.263397,"ors_geocoding","t","2026-06-11 03:53:38.626404+00","2026-06-11 04:00:53.262149+00"
"90f33c58-109d-4217-9676-5d94d845d404","Kurigram","Kurigram Sadar","{""Kurigram Sadar"",""Kurigram Sadar Kurigram"",""Kurigram Sadar, Kurigram""}",25.811202,89.614468,"ors_geocoding","t","2026-06-11 03:53:38.626404+00","2026-06-11 04:00:54.375645+00"
"40fcbd4a-cfbd-40eb-b10e-91f90e8243b3","Kurigram","Nageshwari Road","{""Nageshwari Road"",""Nageshwari Road Kurigram"",""Nageshwari Road, Kurigram""}",25.760116,89.677476,"ors_geocoding","t","2026-06-11 03:53:38.626404+00","2026-06-11 04:00:55.504198+00"
"d01b7b70-3a17-4298-aadb-59745705b057","Kushtia","Kushtia Bus Terminal","{""Kushtia Bus Terminal"",""Kushtia Bus Terminal Kushtia"",""Kushtia Bus Terminal, Kushtia""}",23.890997,89.116800,"ors_geocoding","t","2026-06-11 03:53:38.626404+00","2026-06-11 04:00:56.638991+00"
"39fca699-9a80-4c15-825b-652242c639be","Kushtia","Kushtia Medical College","{""Kushtia Medical College"",""Kushtia Medical College Kushtia"",""Kushtia Medical College, Kushtia""}",23.903692,89.121792,"ors_geocoding","t","2026-06-11 03:53:38.626404+00","2026-06-11 04:00:57.712082+00"
"ec190ac3-7592-47ce-a6f2-22b20e6c2b34","Kushtia","Kushtia Railway Station","{""Kushtia Railway Station"",""Kushtia Railway Station Kushtia"",""Kushtia Railway Station, Kushtia""}",23.890863,89.113085,"ors_geocoding","t","2026-06-11 03:53:38.626404+00","2026-06-11 04:00:58.877345+00"
"bfe48d74-9fa3-4c7a-9223-f31faaf3d2ee","Kushtia","Kushtia Sadar","{""Kushtia Sadar"",""Kushtia Sadar Kushtia"",""Kushtia Sadar, Kushtia""}",23.902800,89.119430,"ors_geocoding","t","2026-06-11 03:53:38.626404+00","2026-06-11 04:01:00.110329+00"
"d964b7eb-2ea3-424f-ae66-36e3a9af76f0","Kushtia","Majampur Gate","{""Majampur Gate"",""Majampur Gate Kushtia"",""Majampur Gate, Kushtia""}",23.902800,89.119430,"ors_geocoding","t","2026-06-11 03:53:38.626404+00","2026-06-11 04:01:01.17105+00"
"bb2699e5-4b70-49e2-9671-d6c1d39f5bf2","Lakshmipur","Lakshmipur Bus Terminal","{""Lakshmipur Bus Terminal"",""Lakshmipur Bus Terminal Lakshmipur"",""Lakshmipur Bus Terminal, Lakshmipur""}",22.656348,90.662246,"ors_geocoding","t","2026-06-11 03:53:38.626404+00","2026-06-11 04:01:02.249755+00"
"d9bd39d0-2c36-4df7-9690-887c9befbf57","Lakshmipur","Lakshmipur Govt College","{""Lakshmipur Govt College"",""Lakshmipur Govt College Lakshmipur"",""Lakshmipur Govt College, Lakshmipur""}",22.420374,90.550126,"ors_geocoding","t","2026-06-11 03:53:38.626404+00","2026-06-11 04:01:03.389581+00"
"8c3766da-9dad-43c3-9582-f32968e6c461","Lakshmipur","Lakshmipur Sadar","{""Lakshmipur Sadar"",""Lakshmipur Sadar Lakshmipur"",""Lakshmipur Sadar, Lakshmipur""}",22.944300,90.830050,"ors_geocoding","t","2026-06-11 03:53:38.626404+00","2026-06-11 04:01:04.5967+00"
"f52e07e5-a700-4203-ac86-4f7f14e4f849","Lakshmipur","Lakshmipur Sadar Hospital","{""Lakshmipur Sadar Hospital"",""Lakshmipur Sadar Hospital Lakshmipur"",""Lakshmipur Sadar Hospital, Lakshmipur""}",22.950000,90.825000,"ors_geocoding","t","2026-06-11 03:53:38.626404+00","2026-06-11 04:01:05.682892+00"
"ada1578b-e4dc-415f-b14a-84afc19d50f6","Lakshmipur","North Temuhani","{""North Temuhani"",""North Temuhani Lakshmipur"",""North Temuhani, Lakshmipur""}",22.944300,90.830050,"ors_geocoding","t","2026-06-11 03:53:38.626404+00","2026-06-11 04:01:06.841242+00"
"ba3ca8dc-594e-4f8b-9144-d7991e090b1b","Lalmonirhat","Lalmonirhat Bus Terminal","{""Lalmonirhat Bus Terminal"",""Lalmonirhat Bus Terminal Lalmonirhat"",""Lalmonirhat Bus Terminal, Lalmonirhat""}",25.905070,89.433924,"ors_geocoding","t","2026-06-11 03:53:38.626404+00","2026-06-11 04:01:07.968054+00"
"c07689b2-27af-4e07-834c-ac01d01fcd81","Lalmonirhat","Lalmonirhat Railway Station","{""Lalmonirhat Railway Station"",""Lalmonirhat Railway Station Lalmonirhat"",""Lalmonirhat Railway Station, Lalmonirhat""}",25.716858,89.263397,"ors_geocoding","t","2026-06-11 03:53:38.626404+00","2026-06-11 04:01:09.049824+00"
"d7b8f3d8-3dcf-4f49-97c9-6ae16a93e015","Lalmonirhat","Lalmonirhat Sadar","{""Lalmonirhat Sadar"",""Lalmonirhat Sadar Lalmonirhat"",""Lalmonirhat Sadar, Lalmonirhat""}",25.917190,89.445950,"ors_geocoding","t","2026-06-11 03:53:38.626404+00","2026-06-11 04:01:10.054267+00"
"8e29c13b-b048-4d18-964f-2e5272ee0038","Lalmonirhat","Lalmonirhat Sadar Hospital","{""Lalmonirhat Sadar Hospital"",""Lalmonirhat Sadar Hospital Lalmonirhat"",""Lalmonirhat Sadar Hospital, Lalmonirhat""}",25.890350,89.478490,"ors_geocoding","t","2026-06-11 03:53:38.626404+00","2026-06-11 04:01:11.169574+00"
"91cd682c-d70a-4ebc-8159-6598c640680e","Lalmonirhat","Mishon Mor","{""Mishon Mor"",""Mishon Mor Lalmonirhat"",""Mishon Mor, Lalmonirhat""}",23.848265,90.292382,"ors_geocoding","t","2026-06-11 03:53:38.626404+00","2026-06-11 04:01:12.298438+00"
"d0d52ec9-df73-4726-909a-77a0bf315393","Madaripur","Madaripur Bus Terminal","{""Madaripur Bus Terminal"",""Madaripur Bus Terminal Madaripur"",""Madaripur Bus Terminal, Madaripur""}",22.656348,90.662246,"ors_geocoding","t","2026-06-11 03:53:38.626404+00","2026-06-11 04:01:13.433878+00"
"3711c750-eb3b-436e-8bb5-e85342398914","Madaripur","Madaripur Govt College","{""Madaripur Govt College"",""Madaripur Govt College Madaripur"",""Madaripur Govt College, Madaripur""}",23.169056,90.203660,"ors_geocoding","t","2026-06-11 03:53:38.626404+00","2026-06-11 04:01:14.551243+00"
"488786ea-0dd6-4995-b5c6-56633c1591c3","Madaripur","Madaripur Launch Ghat","{""Madaripur Launch Ghat"",""Madaripur Launch Ghat Madaripur"",""Madaripur Launch Ghat, Madaripur""}",23.170970,90.209350,"ors_geocoding","t","2026-06-11 03:53:38.626404+00","2026-06-11 04:01:15.749694+00"
"54357420-8aff-4ea3-90d7-39c3de3649fa","Madaripur","Madaripur Sadar","{""Madaripur Sadar"",""Madaripur Sadar Madaripur"",""Madaripur Sadar, Madaripur""}",23.170970,90.209350,"ors_geocoding","t","2026-06-11 03:53:38.626404+00","2026-06-11 04:01:16.915878+00"
"47535232-64e5-4993-9177-b7fcea12b6c1","Madaripur","Madaripur Sadar Hospital","{""Madaripur Sadar Hospital"",""Madaripur Sadar Hospital Madaripur"",""Madaripur Sadar Hospital, Madaripur""}",23.165413,90.211774,"ors_geocoding","t","2026-06-11 03:53:38.626404+00","2026-06-11 04:01:17.9955+00"
"3dbafcf5-f56d-4466-a20d-73c1762476a7","Magura","Magura Bus Terminal","{""Magura Bus Terminal"",""Magura Bus Terminal Magura"",""Magura Bus Terminal, Magura""}",23.497361,89.432266,"ors_geocoding","t","2026-06-11 03:53:38.626404+00","2026-06-11 04:01:19.092172+00"
"63791193-3113-4fca-9ef9-9e1698665afc","Magura","Magura Govt Huseyn Shaheed Suhrawardy College","{""Magura Govt Huseyn Shaheed Suhrawardy College"",""Magura Govt Huseyn Shaheed Suhrawardy College Magura"",""Magura Govt Huseyn Shaheed Suhrawardy College, Magura""}",23.489100,89.419900,"manual_coordinate","t","2026-06-11 03:53:38.626404+00","2026-06-11 04:09:03.579705+00"
"a7c8418f-1216-4013-be73-16dcaf35ca4d","Magura","Magura Sadar","{""Magura Sadar"",""Magura Sadar Magura"",""Magura Sadar, Magura""}",23.484500,89.419610,"ors_geocoding","t","2026-06-11 03:53:38.626404+00","2026-06-11 04:01:21.107509+00"
"4d287f08-218a-46c9-a7c5-c3c6079a8bbf","Magura","Magura Sadar Hospital","{""Magura Sadar Hospital"",""Magura Sadar Hospital Magura"",""Magura Sadar Hospital, Magura""}",23.484500,89.419610,"ors_geocoding","t","2026-06-11 03:53:38.626404+00","2026-06-11 04:01:22.331729+00"
"1bdb46b8-f60f-404e-a9d7-7038206003db","Magura","Vaina Mor","{""Vaina Mor"",""Vaina Mor Magura"",""Vaina Mor, Magura""}",23.405385,89.416036,"ors_geocoding","t","2026-06-11 03:53:38.626404+00","2026-06-11 04:01:23.559822+00"
"8648780b-4154-4470-b29c-fe75590bf617","Manikganj","Beutha","{Beutha,""Beutha Manikganj"",""Beutha, Manikganj""}",23.843610,90.002560,"ors_geocoding","t","2026-06-11 03:53:38.626404+00","2026-06-11 04:01:24.685807+00"
"d2373700-446e-4243-aa75-18408daaa062","Manikganj","Manikganj Bus Stand","{""Manikganj Bus Stand"",""Manikganj Bus Stand Manikganj"",""Manikganj Bus Stand, Manikganj""}",23.857680,90.009570,"ors_geocoding","t","2026-06-11 03:53:38.626404+00","2026-06-11 04:01:25.915781+00"
"0adccf97-bef6-4fc7-a108-27381f3b9b02","Manikganj","Manikganj Govt Devendra College","{""Manikganj Govt Devendra College"",""Manikganj Govt Devendra College Manikganj"",""Manikganj Govt Devendra College, Manikganj""}",23.862458,90.005096,"ors_geocoding","t","2026-06-11 03:53:38.626404+00","2026-06-11 04:01:27.04637+00"
"47649496-4f51-4845-a51a-54dd378312aa","Manikganj","Manikganj Sadar","{""Manikganj Sadar"",""Manikganj Sadar Manikganj"",""Manikganj Sadar, Manikganj""}",23.861743,90.001360,"ors_geocoding","t","2026-06-11 03:53:38.626404+00","2026-06-11 04:01:28.271647+00"
"d2852e4d-d464-4fd7-a305-09f62ff5591a","Manikganj","Manikganj Sadar Hospital","{""Manikganj Sadar Hospital"",""Manikganj Sadar Hospital Manikganj"",""Manikganj Sadar Hospital, Manikganj""}",23.861743,90.001360,"ors_geocoding","t","2026-06-11 03:53:38.626404+00","2026-06-11 04:01:29.399884+00"
"6c2a8c46-848f-4d22-aa9e-603c72cda013","Meherpur","Meherpur Bus Terminal","{""Meherpur Bus Terminal"",""Meherpur Bus Terminal Meherpur"",""Meherpur Bus Terminal, Meherpur""}",23.769361,88.636023,"ors_geocoding","t","2026-06-11 03:53:38.626404+00","2026-06-11 04:01:30.523616+00"
"aed3c49c-457c-4863-be14-2d82b9553e57","Meherpur","Meherpur General Hospital","{""Meherpur General Hospital"",""Meherpur General Hospital Meherpur"",""Meherpur General Hospital, Meherpur""}",23.778018,88.642587,"ors_geocoding","t","2026-06-11 03:53:38.626404+00","2026-06-11 04:01:31.651465+00"
"093c3c4f-0741-459c-b538-7e55256c4eef","Meherpur","Meherpur Govt College","{""Meherpur Govt College"",""Meherpur Govt College Meherpur"",""Meherpur Govt College, Meherpur""}",23.767924,88.641109,"ors_geocoding","t","2026-06-11 03:53:38.626404+00","2026-06-11 04:01:32.880293+00"
"ba9994e4-d464-4227-9d48-14fb1798d31b","Meherpur","Meherpur Sadar","{""Meherpur Sadar"",""Meherpur Sadar Meherpur"",""Meherpur Sadar, Meherpur""}",23.776870,88.630330,"ors_geocoding","t","2026-06-11 03:53:38.626404+00","2026-06-11 04:01:34.004371+00"
"2f7fbac0-974d-4148-a520-86b56d806695","Meherpur","Mujibnagar Memorial","{""Mujibnagar Memorial"",""Mujibnagar Memorial Meherpur"",""Mujibnagar Memorial, Meherpur""}",23.649909,88.597724,"ors_geocoding","t","2026-06-11 03:53:38.626404+00","2026-06-11 04:01:36.055173+00"
"e28c73b9-c692-4ecc-9441-06e78b41e008","Moulvibazar","Moulvibazar 250 Bed Hospital","{""Moulvibazar 250 Bed Hospital"",""Moulvibazar 250 Bed Hospital Moulvibazar"",""Moulvibazar 250 Bed Hospital, Moulvibazar""}",23.168912,89.209026,"ors_geocoding","t","2026-06-11 03:53:38.626404+00","2026-06-11 04:01:37.179407+00"
"df3b56d5-9c02-45cb-92c8-0b9e0b521f21","Moulvibazar","Moulvibazar Bus Terminal","{""Moulvibazar Bus Terminal"",""Moulvibazar Bus Terminal Moulvibazar"",""Moulvibazar Bus Terminal, Moulvibazar""}",24.485683,91.765851,"ors_geocoding","t","2026-06-11 03:53:38.626404+00","2026-06-11 04:01:38.310474+00"
"c30b72fe-99a6-4de1-a445-35c4ad9a7679","Moulvibazar","Moulvibazar Govt College","{""Moulvibazar Govt College"",""Moulvibazar Govt College Moulvibazar"",""Moulvibazar Govt College, Moulvibazar""}",22.420374,90.550126,"ors_geocoding","t","2026-06-11 03:53:38.626404+00","2026-06-11 04:01:39.446233+00"
"77a77c22-cb42-4db0-a2be-c613a0b2deb6","Moulvibazar","Moulvibazar Sadar","{""Moulvibazar Sadar"",""Moulvibazar Sadar Moulvibazar"",""Moulvibazar Sadar, Moulvibazar""}",24.481265,91.858094,"ors_geocoding","t","2026-06-11 03:53:38.626404+00","2026-06-11 04:01:40.566203+00"
"8069923e-acf1-440a-b813-d91575349e7f","Moulvibazar","Sreemangal Road","{""Sreemangal Road"",""Sreemangal Road Moulvibazar"",""Sreemangal Road, Moulvibazar""}",24.307340,91.733739,"ors_geocoding","t","2026-06-11 03:53:38.626404+00","2026-06-11 04:01:41.711248+00"
"ada8d887-b12f-4730-a1c9-5d5248e69a0c","Munshiganj","Muktarpur Bridge","{""Muktarpur Bridge"",""Muktarpur Bridge Munshiganj"",""Muktarpur Bridge, Munshiganj""}",23.539816,90.337788,"ors_geocoding","t","2026-06-11 03:53:38.626404+00","2026-06-11 04:01:42.913621+00"
"534155ff-db3f-4673-8a14-4428a6f7413c","Munshiganj","Munshiganj Bus Stand","{""Munshiganj Bus Stand"",""Munshiganj Bus Stand Munshiganj"",""Munshiganj Bus Stand, Munshiganj""}",23.551700,90.534590,"ors_geocoding","t","2026-06-11 03:53:38.626404+00","2026-06-11 04:01:44.039954+00"
"2484920e-e078-4f9f-be32-dfca46a11dc3","Munshiganj","Munshiganj General Hospital","{""Munshiganj General Hospital"",""Munshiganj General Hospital Munshiganj"",""Munshiganj General Hospital, Munshiganj""}",23.001406,91.405329,"ors_geocoding","t","2026-06-11 03:53:38.626404+00","2026-06-11 04:01:45.183947+00"
"690d02f0-b027-4fff-ae11-9b0f8dd72329","Munshiganj","Munshiganj Launch Ghat","{""Munshiganj Launch Ghat"",""Munshiganj Launch Ghat Munshiganj"",""Munshiganj Launch Ghat, Munshiganj""}",23.558352,90.532681,"ors_geocoding","t","2026-06-11 03:53:38.626404+00","2026-06-11 04:01:46.29319+00"
"4191b019-41a7-4801-adc2-b3760534b7bd","Munshiganj","Munshiganj Sadar","{""Munshiganj Sadar"",""Munshiganj Sadar Munshiganj"",""Munshiganj Sadar, Munshiganj""}",23.551700,90.534590,"ors_geocoding","t","2026-06-11 03:53:38.626404+00","2026-06-11 04:01:49.270507+00"
"cab0c263-1086-4da4-a15b-4688ff61f3cb","Mymensingh","Akua","{Akua,""Akua Mymensingh""}",24.737500,90.388100,"manual_seed","t","2026-06-11 03:54:13.362297+00","2026-06-11 03:54:13.362297+00"
"6f570fdd-5845-4bc2-8a26-5aa6cc01e458","Mymensingh","BAU Campus","{BAU,""BAU Campus"",""Bangladesh Agricultural University"",""Agricultural University""}",24.720200,90.426100,"manual_seed","t","2026-06-11 03:54:13.362297+00","2026-06-11 03:54:13.362297+00"
"910dad2a-bbed-42e6-9bb6-9af7ad29b5cb","Mymensingh","Boro Bazar","{""Boro Bazar"",""Boro Bazaar"",""Big Bazar""}",24.753700,90.408600,"manual_seed","t","2026-06-11 03:54:13.362297+00","2026-06-11 03:54:13.362297+00"
"996ba116-1eb0-4159-8167-f860d34192d4","Mymensingh","Charpara","{Charpara,Chorpara,""Char Para""}",24.742000,90.407000,"manual_seed","t","2026-06-11 03:54:13.362297+00","2026-06-11 03:54:13.362297+00"
"297bb9d1-7261-4151-9820-a41717f384e5","Mymensingh","College Road","{""College Road"",""College Road Mymensingh""}",24.752900,90.407100,"manual_seed","t","2026-06-11 03:54:13.362297+00","2026-06-11 03:54:13.362297+00"
"73dedb77-7f9f-4195-b66d-38090d21ac4f","Mymensingh","Ganginarpar","{Ganginarpar,""Ganginar Par"",""Ganginarpar Mymensingh""}",24.754000,90.407200,"manual_seed","t","2026-06-11 03:54:13.362297+00","2026-06-11 03:54:13.362297+00"
"24fdc45b-a406-495e-bbf3-311c018d0f80","Mymensingh","Kachari Road","{""Kachari Road"",Kachari}",24.756000,90.407700,"manual_seed","t","2026-06-11 03:54:13.362297+00","2026-06-11 03:54:13.362297+00"
"576247ab-28a5-4032-aa8a-5f8c5519cea3","Mymensingh","Kalibari Road","{""Kalibari Road"",Kalibari}",24.751300,90.411000,"manual_seed","t","2026-06-11 03:54:13.362297+00","2026-06-11 03:54:13.362297+00"
"7a4335cc-77c8-4204-a605-202f02229de9","Mymensingh","Kewatkhali","{Kewatkhali,""Kewatkhali Mymensingh""}",24.733600,90.427000,"manual_seed","t","2026-06-11 03:54:13.362297+00","2026-06-11 03:54:13.362297+00"
"9dc73393-b9df-4ebd-8418-92b3ceaf6bcd","Mymensingh","Kristopur","{Kristopur,Krishtopur}",24.750300,90.399400,"manual_seed","t","2026-06-11 03:54:13.362297+00","2026-06-11 03:54:13.362297+00"
"4098e27b-5741-4482-a653-b18b8e1889c9","Mymensingh","Maskanda","{Maskanda,""Maskanda Bus Stand""}",24.730600,90.403800,"manual_seed","t","2026-06-11 03:54:13.362297+00","2026-06-11 03:54:13.362297+00"
"9d1e92ad-8f69-4c1d-884f-28c76d208090","Mymensingh","Mymensingh Medical College","{""Mymensingh Medical College"",MMC,""Mymensingh Medical""}",24.743700,90.407500,"manual_seed","t","2026-06-11 03:54:13.362297+00","2026-06-11 03:54:13.362297+00"
"e95b35d2-b251-48a8-8ca5-6d47b4b97117","Mymensingh","Mymensingh Railway Station","{""Mymensingh Railway Station"",""Mymensingh station"",""Railway Station""}",24.752000,90.395200,"manual_seed","t","2026-06-11 03:54:13.362297+00","2026-06-11 03:54:13.362297+00"
"21485ddd-b5d0-4ba8-969f-58090d2f8804","Mymensingh","Mymensingh Town Hall","{""Mymensingh Town Hall"",""Town Hall"",""Town Hall Mymensingh""}",24.747100,90.420300,"manual_seed","t","2026-06-11 03:54:13.362297+00","2026-06-11 03:54:13.362297+00"
"067bb02e-257c-4cb5-ad2a-d05f3352be1e","Mymensingh","Notun Bazar","{""Notun Bazar"",""Natun Bazar"",""New Market Mymensingh""}",24.752200,90.404400,"manual_seed","t","2026-06-11 03:54:13.362297+00","2026-06-11 03:54:13.362297+00"
"c685f521-1d69-411c-bcdf-248a9f6dc731","Mymensingh","Patgudam","{Patgudam,""Patgudam Bridge""}",24.747300,90.409800,"manual_seed","t","2026-06-11 03:54:13.362297+00","2026-06-11 03:54:13.362297+00"
"f293e2d5-2972-42d7-9e2b-592a8da466bb","Mymensingh","Sadar Upazila","{""Sadar Upazila"",""Mymensingh Sadar"",Sadar}",24.753900,90.407300,"manual_seed","t","2026-06-11 03:54:13.362297+00","2026-06-11 03:54:13.362297+00"
"431182dc-3d4f-4ee2-9f50-a62c919976bb","Mymensingh","Sankipara","{Sankipara,""Sankipara Mymensingh""}",24.755700,90.397600,"manual_seed","t","2026-06-11 03:54:13.362297+00","2026-06-11 03:54:13.362297+00"
"e2a45081-7bbc-453a-80a2-7f0209075c46","Mymensingh","Shambhuganj","{Shambhuganj,Shambuganj,""Shambhuganj Bridge""}",24.758700,90.455200,"manual_seed","t","2026-06-11 03:54:13.362297+00","2026-06-11 03:54:13.362297+00"
"7cba81d3-29a0-43c0-bd23-5ed449dd1479","Mymensingh","Zilla School Mor","{""Zilla School Mor"",""Zilla School"",""Zilla School More""}",24.752100,90.410500,"manual_seed","t","2026-06-11 03:54:13.362297+00","2026-06-11 03:54:13.362297+00"
"a7ed34d8-26b9-4dda-aecb-e2b7338e3abf","Naogaon","Mukter Para","{""Mukter Para"",""Mukter Para Naogaon"",""Mukter Para, Naogaon""}",24.783330,88.683330,"ors_geocoding","t","2026-06-11 03:53:38.626404+00","2026-06-11 04:01:50.389878+00"
"ea541fb2-0e75-4a97-aab9-f61c8b4375e1","Naogaon","Naogaon Bus Terminal","{""Naogaon Bus Terminal"",""Naogaon Bus Terminal Naogaon"",""Naogaon Bus Terminal, Naogaon""}",24.964970,88.903607,"ors_geocoding","t","2026-06-11 03:53:38.626404+00","2026-06-11 04:01:51.512648+00"
"f22154bb-0761-47ec-8d6c-b753bf76ee88","Naogaon","Naogaon Govt College","{""Naogaon Govt College"",""Naogaon Govt College Naogaon"",""Naogaon Govt College, Naogaon""}",24.921304,88.748983,"ors_geocoding","t","2026-06-11 03:53:38.626404+00","2026-06-11 04:01:52.567052+00"
"796884e6-d135-427f-a962-b77fe888e8b5","Naogaon","Naogaon Sadar","{""Naogaon Sadar"",""Naogaon Sadar Naogaon"",""Naogaon Sadar, Naogaon""}",24.882940,88.807071,"ors_geocoding","t","2026-06-11 03:53:38.626404+00","2026-06-11 04:01:53.673669+00"
"4e7b45c9-ed6a-449e-b833-8d1d97d6f3b2","Naogaon","Naogaon Sadar Hospital","{""Naogaon Sadar Hospital"",""Naogaon Sadar Hospital Naogaon"",""Naogaon Sadar Hospital, Naogaon""}",24.913015,88.753215,"ors_geocoding","t","2026-06-11 03:53:38.626404+00","2026-06-11 04:01:54.794776+00"
"882b0920-4f22-4ea5-8356-2e463f41be5b","Narail","Narail Bus Terminal","{""Narail Bus Terminal"",""Narail Bus Terminal Narail"",""Narail Bus Terminal, Narail""}",22.656348,90.662246,"ors_geocoding","t","2026-06-11 03:53:38.626404+00","2026-06-11 04:01:55.921042+00"
"b44d44fd-165b-40c1-a44a-9b5a534befa2","Narail","Narail Govt Victoria College","{""Narail Govt Victoria College"",""Narail Govt Victoria College Narail"",""Narail Govt Victoria College, Narail""}",23.162104,89.498883,"ors_geocoding","t","2026-06-11 03:53:38.626404+00","2026-06-11 04:01:57.046285+00"
"92b7152f-2bd9-40cb-8529-4f070125cfa0","Narail","Narail Sadar","{""Narail Sadar"",""Narail Sadar Narail"",""Narail Sadar, Narail""}",23.155090,89.495150,"ors_geocoding","t","2026-06-11 03:53:38.626404+00","2026-06-11 04:01:58.174639+00"
"81d0915f-74c1-4a25-ba76-793dca96f7ef","Narail","Narail Sadar Hospital","{""Narail Sadar Hospital"",""Narail Sadar Hospital Narail"",""Narail Sadar Hospital, Narail""}",23.172284,89.499126,"ors_geocoding","t","2026-06-11 03:53:38.626404+00","2026-06-11 04:01:59.303617+00"
"80f30f73-ee32-4916-8bb1-77809d2906de","Narail","Rupganj Bazar Narail","{""Rupganj Bazar Narail"",""Rupganj Bazar Narail Narail"",""Rupganj Bazar Narail, Narail""}",23.155090,89.495150,"ors_geocoding","t","2026-06-11 03:53:38.626404+00","2026-06-11 04:02:00.448874+00"
"49be8e86-d1d8-4085-8b94-31634b89b2b7","Narayanganj","Adamjee EPZ","{""Adamjee EPZ"",""Adamjee EPZ Narayanganj"",""Adamjee EPZ, Narayanganj""}",23.676402,90.524429,"ors_geocoding","t","2026-06-11 03:53:38.626404+00","2026-06-11 04:02:01.654075+00"
"02074d19-d011-416e-9a0a-912fd0b92f80","Narayanganj","Chashara","{Chashara,""Chashara Narayanganj"",""Chashara, Narayanganj""}",23.625020,90.496840,"ors_geocoding","t","2026-06-11 03:53:38.626404+00","2026-06-11 04:02:02.782876+00"
"df35340e-27ef-42d9-853a-1a10084d2066","Narayanganj","Khanpur Hospital","{""Khanpur Hospital"",""Khanpur Hospital Narayanganj"",""Khanpur Hospital, Narayanganj""}",23.627231,90.505226,"ors_geocoding","t","2026-06-11 03:53:38.626404+00","2026-06-11 04:02:03.905612+00"
"4a3cad74-eba4-4de3-bb4e-2832a2505353","Narayanganj","Narayanganj Launch Terminal","{""Narayanganj Launch Terminal"",""Narayanganj Launch Terminal Narayanganj"",""Narayanganj Launch Terminal, Narayanganj""}",23.635071,90.471260,"ors_geocoding","t","2026-06-11 03:53:38.626404+00","2026-06-11 04:02:05.036758+00"
"68394c09-7538-4fa1-ac67-2e7568e03e8d","Narayanganj","Narayanganj Railway Station","{""Narayanganj Railway Station"",""Narayanganj Railway Station Narayanganj"",""Narayanganj Railway Station, Narayanganj""}",22.680101,91.632610,"ors_geocoding","t","2026-06-11 03:53:38.626404+00","2026-06-11 04:02:06.263228+00"
"8631aa7f-b27d-4b1b-b698-95ec02b4f64a","Narsingdi","Madhabdi Bazar","{""Madhabdi Bazar"",""Madhabdi Bazar Narsingdi"",""Madhabdi Bazar, Narsingdi""}",22.230507,89.160943,"ors_geocoding","t","2026-06-11 03:53:38.626404+00","2026-06-11 04:02:07.388859+00"
"857eacb0-390e-4c45-812f-82be90e844cc","Narsingdi","Narsingdi Bus Terminal","{""Narsingdi Bus Terminal"",""Narsingdi Bus Terminal Narsingdi"",""Narsingdi Bus Terminal, Narsingdi""}",22.656348,90.662246,"ors_geocoding","t","2026-06-11 03:53:38.626404+00","2026-06-11 04:02:08.515718+00"
"3cdad0dd-a318-44e5-9c37-812b64419423","Narsingdi","Narsingdi Railway Station","{""Narsingdi Railway Station"",""Narsingdi Railway Station Narsingdi"",""Narsingdi Railway Station, Narsingdi""}",23.931166,90.721869,"ors_geocoding","t","2026-06-11 03:53:38.626404+00","2026-06-11 04:02:09.655437+00"
"3eb03d84-3ed0-41ec-b8f3-c052a69a23eb","Narsingdi","Narsingdi Sadar","{""Narsingdi Sadar"",""Narsingdi Sadar Narsingdi"",""Narsingdi Sadar, Narsingdi""}",23.920144,90.718454,"ors_geocoding","t","2026-06-11 03:53:38.626404+00","2026-06-11 04:02:10.770662+00"
"2311acf7-4bda-4d5d-86c0-2952a59e3b4d","Narsingdi","Narsingdi Sadar Hospital","{""Narsingdi Sadar Hospital"",""Narsingdi Sadar Hospital Narsingdi"",""Narsingdi Sadar Hospital, Narsingdi""}",23.920144,90.718454,"ors_geocoding","t","2026-06-11 03:53:38.626404+00","2026-06-11 04:02:11.91662+00"
"27a8fefe-292f-45d4-8633-435d4ed98dbe","Natore","Kanaikhali","{Kanaikhali,""Kanaikhali Natore"",""Kanaikhali, Natore""}",24.412191,88.988952,"ors_geocoding","t","2026-06-11 03:53:38.626404+00","2026-06-11 04:02:13.124971+00"
"328f57d5-ccc5-41aa-9848-5276b1a79eb5","Natore","Natore Bus Terminal","{""Natore Bus Terminal"",""Natore Bus Terminal Natore"",""Natore Bus Terminal, Natore""}",24.410171,89.010358,"ors_geocoding","t","2026-06-11 03:53:38.626404+00","2026-06-11 04:02:14.247806+00"
"b7e87d3c-52c2-443a-ba67-959ac59075b1","Natore","Natore Modern Sadar Hospital","{""Natore Modern Sadar Hospital"",""Natore Modern Sadar Hospital Natore"",""Natore Modern Sadar Hospital, Natore""}",24.413900,88.930000,"manual_coordinate","t","2026-06-11 03:53:38.626404+00","2026-06-11 04:10:04.576185+00"
"8c0e0192-538b-4f6b-afa1-787b98d8d221","Natore","Natore Railway Station","{""Natore Railway Station"",""Natore Railway Station Natore"",""Natore Railway Station, Natore""}",24.414755,88.981159,"ors_geocoding","t","2026-06-11 03:53:38.626404+00","2026-06-11 04:02:16.301658+00"
"0a1a958a-1228-4c50-b639-7f5768b8f956","Natore","Natore Sadar","{""Natore Sadar"",""Natore Sadar Natore"",""Natore Sadar, Natore""}",24.411120,88.986730,"ors_geocoding","t","2026-06-11 03:53:38.626404+00","2026-06-11 04:02:17.425864+00"
"2b6bef12-814a-4f80-849d-a1bd9448ab5c","Netrokona","Mokterpara","{Mokterpara,""Mokterpara Netrokona"",""Mokterpara, Netrokona""}",24.871384,90.732886,"ors_geocoding","t","2026-06-11 03:53:38.626404+00","2026-06-11 04:02:18.55122+00"
"ea4277e1-3cf0-4aac-a03d-4608470bc65d","Netrokona","Netrokona Adhunik Sadar Hospital","{""Netrokona Adhunik Sadar Hospital"",""Netrokona Adhunik Sadar Hospital Netrokona"",""Netrokona Adhunik Sadar Hospital, Netrokona""}",24.871725,90.732192,"ors_geocoding","t","2026-06-11 03:53:38.626404+00","2026-06-11 04:02:19.67504+00"
"5132f206-7975-45fa-8dd0-0a9ff92725b2","Netrokona","Netrokona Bus Terminal","{""Netrokona Bus Terminal"",""Netrokona Bus Terminal Netrokona"",""Netrokona Bus Terminal, Netrokona""}",24.873765,90.718349,"ors_geocoding","t","2026-06-11 03:53:38.626404+00","2026-06-11 04:02:20.808461+00"
"079d478d-7e1a-401d-8a8a-b47e08e8c543","Netrokona","Netrokona Railway Station","{""Netrokona Railway Station"",""Netrokona Railway Station Netrokona"",""Netrokona Railway Station, Netrokona""}",24.872400,90.728275,"ors_geocoding","t","2026-06-11 03:53:38.626404+00","2026-06-11 04:02:22.031392+00"
"053bda1f-9abc-4fb7-b522-21874d9f1be5","Netrokona","Netrokona Sadar","{""Netrokona Sadar"",""Netrokona Sadar Netrokona"",""Netrokona Sadar, Netrokona""}",24.867111,90.742240,"ors_geocoding","t","2026-06-11 03:53:38.626404+00","2026-06-11 04:02:23.157481+00"
"9e0ddded-b3bf-457f-bcbb-59c721b8e750","Nilphamari","Nilphamari Bus Terminal","{""Nilphamari Bus Terminal"",""Nilphamari Bus Terminal Nilphamari"",""Nilphamari Bus Terminal, Nilphamari""}",22.656348,90.662246,"ors_geocoding","t","2026-06-11 03:53:38.626404+00","2026-06-11 04:02:24.283438+00"
"3fbd206f-2694-4599-b6c0-74cb3a0b8db7","Nilphamari","Nilphamari General Hospital","{""Nilphamari General Hospital"",""Nilphamari General Hospital Nilphamari"",""Nilphamari General Hospital, Nilphamari""}",25.930674,88.845377,"ors_geocoding","t","2026-06-11 03:53:38.626404+00","2026-06-11 04:02:25.416649+00"
"0616b55c-92f4-455b-b17e-b18463baa0b6","Nilphamari","Nilphamari Railway Station","{""Nilphamari Railway Station"",""Nilphamari Railway Station Nilphamari"",""Nilphamari Railway Station, Nilphamari""}",25.952810,88.834620,"ors_geocoding","t","2026-06-11 03:53:38.626404+00","2026-06-11 04:02:26.545947+00"
"a3179c5a-d109-419d-8420-9355b9fd2c81","Nilphamari","Nilphamari Sadar","{""Nilphamari Sadar"",""Nilphamari Sadar Nilphamari"",""Nilphamari Sadar, Nilphamari""}",25.941670,88.846670,"ors_geocoding","t","2026-06-11 03:53:38.626404+00","2026-06-11 04:02:27.669331+00"
"ebf6e458-1bdf-4d4d-91ef-7defa9be3db9","Nilphamari","Saidpur Railway Station","{""Saidpur Railway Station"",""Saidpur Railway Station Nilphamari"",""Saidpur Railway Station, Nilphamari""}",25.795520,88.886840,"ors_geocoding","t","2026-06-11 03:53:38.626404+00","2026-06-11 04:02:28.89351+00"
"470a9009-3cf6-491f-b493-87fce04b1ebe","Noakhali","Chowmuhani","{Chowmuhani,""Chowmuhani Noakhali"",""Chowmuhani, Noakhali""}",22.816467,91.121505,"ors_geocoding","t","2026-06-11 03:53:38.626404+00","2026-06-11 04:02:29.917521+00"
"05258657-db33-4776-8c64-0b5b028d3686","Noakhali","Maijdee Court","{""Maijdee Court"",""Maijdee Court Noakhali"",""Maijdee Court, Noakhali""}",22.816467,91.121505,"ors_geocoding","t","2026-06-11 03:53:38.626404+00","2026-06-11 04:02:31.048896+00"
"4083fcc7-17c4-46a3-bfd3-e8b28f6bd28f","Noakhali","Noakhali Bus Terminal","{""Noakhali Bus Terminal"",""Noakhali Bus Terminal Noakhali"",""Noakhali Bus Terminal, Noakhali""}",22.656348,90.662246,"ors_geocoding","t","2026-06-11 03:53:38.626404+00","2026-06-11 04:02:32.155058+00"
"f24d537a-29ce-44ea-b251-a56b458f1df6","Noakhali","Noakhali Sadar Hospital","{""Noakhali Sadar Hospital"",""Noakhali Sadar Hospital Noakhali"",""Noakhali Sadar Hospital, Noakhali""}",24.871725,90.732192,"ors_geocoding","t","2026-06-11 03:53:38.626404+00","2026-06-11 04:02:33.253881+00"
"040b6a08-2c22-472c-a9f1-891d8922b3f5","Noakhali","Noakhali Science and Technology University","{""Noakhali Science and Technology University"",""Noakhali Science and Technology University Noakhali"",""Noakhali Science and Technology University, Noakhali""}",22.650711,92.196229,"ors_geocoding","t","2026-06-11 03:53:38.626404+00","2026-06-11 04:02:34.334075+00"
"a0cb0541-6b7c-437a-b0b9-89883f9761ad","Pabna","Abdul Hamid Road","{""Abdul Hamid Road"",""Abdul Hamid Road Pabna"",""Abdul Hamid Road, Pabna""}",24.006440,89.237200,"ors_geocoding","t","2026-06-11 03:53:38.626404+00","2026-06-11 04:02:35.391545+00"
"689297f9-9653-4336-b589-db60defb2a5b","Pabna","Pabna Bus Terminal","{""Pabna Bus Terminal"",""Pabna Bus Terminal Pabna"",""Pabna Bus Terminal, Pabna""}",24.007491,89.256482,"ors_geocoding","t","2026-06-11 03:53:38.626404+00","2026-06-11 04:02:36.472651+00"
"f6546fcf-f055-4834-a9a7-626d2b25f710","Pabna","Pabna Medical College","{""Pabna Medical College"",""Pabna Medical College Pabna"",""Pabna Medical College, Pabna""}",24.004431,89.209128,"ors_geocoding","t","2026-06-11 03:53:38.626404+00","2026-06-11 04:02:37.537209+00"
"0d6c459b-0e1a-44cc-abf6-741757897ecd","Pabna","Pabna Railway Station","{""Pabna Railway Station"",""Pabna Railway Station Pabna"",""Pabna Railway Station, Pabna""}",24.008883,89.239939,"ors_geocoding","t","2026-06-11 03:53:38.626404+00","2026-06-11 04:02:38.622238+00"
"10ed5631-6b90-478e-ba01-74c954ac1562","Pabna","Pabna Sadar","{""Pabna Sadar"",""Pabna Sadar Pabna"",""Pabna Sadar, Pabna""}",24.006440,89.237200,"ors_geocoding","t","2026-06-11 03:53:38.626404+00","2026-06-11 04:02:39.69161+00"
"b987feef-e56a-4c09-bcc5-937f3aa5cfda","Panchagarh","Panchagarh Bus Terminal","{""Panchagarh Bus Terminal"",""Panchagarh Bus Terminal Panchagarh"",""Panchagarh Bus Terminal, Panchagarh""}",26.328075,88.547518,"ors_geocoding","t","2026-06-11 03:53:38.626404+00","2026-06-11 04:02:40.777759+00"
"dd0e8aa9-a8f2-42c4-8277-3ee4ec100e30","Panchagarh","Panchagarh Railway Station","{""Panchagarh Railway Station"",""Panchagarh Railway Station Panchagarh"",""Panchagarh Railway Station, Panchagarh""}",26.332532,88.554121,"ors_geocoding","t","2026-06-11 03:53:38.626404+00","2026-06-11 04:02:41.8733+00"
"7b09e1a8-00b3-4bbf-afba-97dd420671e3","Panchagarh","Panchagarh Sadar","{""Panchagarh Sadar"",""Panchagarh Sadar Panchagarh"",""Panchagarh Sadar, Panchagarh""}",26.333380,88.557770,"ors_geocoding","t","2026-06-11 03:53:38.626404+00","2026-06-11 04:02:42.929047+00"
"71b23a31-4e9d-456f-862a-45b012807c24","Panchagarh","Panchagarh Sadar Hospital","{""Panchagarh Sadar Hospital"",""Panchagarh Sadar Hospital Panchagarh"",""Panchagarh Sadar Hospital, Panchagarh""}",26.340146,88.556365,"ors_geocoding","t","2026-06-11 03:53:38.626404+00","2026-06-11 04:02:44.019615+00"
"bf28ccea-92d0-45e3-a203-f9c26963a1f7","Panchagarh","Tetulia Road","{""Tetulia Road"",""Tetulia Road Panchagarh"",""Tetulia Road, Panchagarh""}",26.333380,88.557770,"ors_geocoding","t","2026-06-11 03:53:38.626404+00","2026-06-11 04:02:45.085927+00"
"ee6dfd24-cc47-4782-bf87-2fc6e0c15588","Patuakhali","New Market Patuakhali","{""New Market Patuakhali"",""New Market Patuakhali Patuakhali"",""New Market Patuakhali, Patuakhali""}",22.825079,89.551495,"ors_geocoding","t","2026-06-11 03:53:38.626404+00","2026-06-11 04:02:46.211362+00"
"1724d6d9-eb74-4e51-ae53-286cb2e2f36f","Patuakhali","Patuakhali Bus Terminal","{""Patuakhali Bus Terminal"",""Patuakhali Bus Terminal Patuakhali"",""Patuakhali Bus Terminal, Patuakhali""}",22.357044,90.318780,"ors_geocoding","t","2026-06-11 03:53:38.626404+00","2026-06-11 04:02:47.328559+00"
"eafd1836-9726-4f0e-87ee-43ccc8f2a93a","Patuakhali","Patuakhali Launch Terminal","{""Patuakhali Launch Terminal"",""Patuakhali Launch Terminal Patuakhali"",""Patuakhali Launch Terminal, Patuakhali""}",22.358265,90.352292,"ors_geocoding","t","2026-06-11 03:53:38.626404+00","2026-06-11 04:02:48.65911+00"
"229f4175-5ea9-4e9b-9d20-31b79457972b","Patuakhali","Patuakhali Medical College","{""Patuakhali Medical College"",""Patuakhali Medical College Patuakhali"",""Patuakhali Medical College, Patuakhali""}",22.363157,90.327189,"ors_geocoding","t","2026-06-11 03:53:38.626404+00","2026-06-11 04:02:49.782064+00"
"2210767b-8a6d-4918-9a82-649e1d477508","Patuakhali","Patuakhali Sadar","{""Patuakhali Sadar"",""Patuakhali Sadar Patuakhali"",""Patuakhali Sadar, Patuakhali""}",22.259140,90.318380,"ors_geocoding","t","2026-06-11 03:53:38.626404+00","2026-06-11 04:02:50.808831+00"
"66a31e09-4875-4788-b589-8707e084c974","Pirojpur","Pirojpur Bus Stand","{""Pirojpur Bus Stand"",""Pirojpur Bus Stand Pirojpur"",""Pirojpur Bus Stand, Pirojpur""}",22.579650,89.975210,"ors_geocoding","t","2026-06-11 03:53:38.626404+00","2026-06-11 04:02:51.949247+00"
"ac3144aa-5bc3-4be0-adc7-1aa637949c54","Pirojpur","Pirojpur District Hospital","{""Pirojpur District Hospital"",""Pirojpur District Hospital Pirojpur"",""Pirojpur District Hospital, Pirojpur""}",22.322182,89.970315,"ors_geocoding","t","2026-06-11 03:53:38.626404+00","2026-06-11 04:02:53.162902+00"
"182513a5-1d43-40f3-a6eb-0570b3c5f974","Pirojpur","Pirojpur Govt Suhrawardy College","{""Pirojpur Govt Suhrawardy College"",""Pirojpur Govt Suhrawardy College Pirojpur"",""Pirojpur Govt Suhrawardy College, Pirojpur""}",23.708932,90.416467,"ors_geocoding","t","2026-06-11 03:53:38.626404+00","2026-06-11 04:02:54.297395+00"
"3668c83e-cbd6-4469-9066-96b6af5e3adb","Pirojpur","Pirojpur Launch Ghat","{""Pirojpur Launch Ghat"",""Pirojpur Launch Ghat Pirojpur"",""Pirojpur Launch Ghat, Pirojpur""}",22.579650,89.975210,"ors_geocoding","t","2026-06-11 03:53:38.626404+00","2026-06-11 04:02:55.416518+00"
"7db63b26-0fda-4cce-9b2a-58ba6817cf36","Pirojpur","Pirojpur Sadar","{""Pirojpur Sadar"",""Pirojpur Sadar Pirojpur"",""Pirojpur Sadar, Pirojpur""}",22.579650,89.975210,"ors_geocoding","t","2026-06-11 03:53:38.626404+00","2026-06-11 04:02:56.542725+00"
"d69ac1f8-774b-4628-a94e-41d04ed41fec","Rajbari","Goalanda Ghat","{""Goalanda Ghat"",""Goalanda Ghat Rajbari"",""Goalanda Ghat, Rajbari""}",23.725822,89.763305,"ors_geocoding","t","2026-06-11 03:53:38.626404+00","2026-06-11 04:02:57.666324+00"
"9f727743-f57c-4218-b94d-c37cd9fd603a","Rajbari","Rajbari Bus Terminal","{""Rajbari Bus Terminal"",""Rajbari Bus Terminal Rajbari"",""Rajbari Bus Terminal, Rajbari""}",22.684085,90.067419,"ors_geocoding","t","2026-06-11 03:53:38.626404+00","2026-06-11 04:02:58.804427+00"
"af672cb6-1e8e-4258-b20a-be76bdb348be","Rajbari","Rajbari Railway Station","{""Rajbari Railway Station"",""Rajbari Railway Station Rajbari"",""Rajbari Railway Station, Rajbari""}",22.680101,91.632610,"ors_geocoding","t","2026-06-11 03:53:38.626404+00","2026-06-11 04:02:59.930602+00"
"52288bae-cce3-49bd-8668-89efcfafb400","Rajbari","Rajbari Sadar","{""Rajbari Sadar"",""Rajbari Sadar Rajbari"",""Rajbari Sadar, Rajbari""}",23.757260,89.646320,"ors_geocoding","t","2026-06-11 03:53:38.626404+00","2026-06-11 04:03:01.147177+00"
"12d3771a-59a1-4053-b0e3-fef012431435","Rajbari","Rajbari Sadar Hospital","{""Rajbari Sadar Hospital"",""Rajbari Sadar Hospital Rajbari"",""Rajbari Sadar Hospital, Rajbari""}",23.755000,89.650000,"ors_geocoding","t","2026-06-11 03:53:38.626404+00","2026-06-11 04:03:02.263836+00"
"f5cddee9-20bc-4083-921a-9b92be1c351d","Rajshahi","Laxmipur Rajshahi","{""Laxmipur Rajshahi"",""Laxmipur Rajshahi Rajshahi"",""Laxmipur Rajshahi, Rajshahi""}",24.374430,88.603999,"ors_geocoding","t","2026-06-11 03:53:38.626404+00","2026-06-11 04:03:03.325406+00"
"5d50d9e0-ddc3-4849-b9dd-c6246f3507a8","Rajshahi","Rajshahi Medical College","{""Rajshahi Medical College"",""Rajshahi Medical College Rajshahi"",""Rajshahi Medical College, Rajshahi""}",24.372000,88.586397,"ors_geocoding","t","2026-06-11 03:53:38.626404+00","2026-06-11 04:03:04.536504+00"
"c05da39a-5db5-4c20-89a4-f8168d280722","Rajshahi","Rajshahi Railway Station","{""Rajshahi Railway Station"",""Rajshahi Railway Station Rajshahi"",""Rajshahi Railway Station, Rajshahi""}",24.374993,88.608610,"ors_geocoding","t","2026-06-11 03:53:38.626404+00","2026-06-11 04:03:05.665429+00"
"1a9fb44f-1201-4a08-8865-e1cd383c4846","Rajshahi","Rajshahi University","{""Rajshahi University"",""Rajshahi University Rajshahi"",""Rajshahi University, Rajshahi""}",24.371350,88.636860,"ors_geocoding","t","2026-06-11 03:53:38.626404+00","2026-06-11 04:03:06.883434+00"
"663c280d-4754-457a-97bb-4b61a790953e","Rajshahi","Shaheb Bazar","{""Shaheb Bazar"",""Shaheb Bazar Rajshahi"",""Shaheb Bazar, Rajshahi""}",24.374430,88.603999,"ors_geocoding","t","2026-06-11 03:53:38.626404+00","2026-06-11 04:03:08.020177+00"
"6392d660-9896-47c8-882e-fd0225e4a927","Rangamati","Rangamati Bus Terminal","{""Rangamati Bus Terminal"",""Rangamati Bus Terminal Rangamati"",""Rangamati Bus Terminal, Rangamati""}",22.639584,92.187462,"ors_geocoding","t","2026-06-11 03:53:38.626404+00","2026-06-11 04:03:09.144075+00"
"31641189-587e-410b-b8a5-f46d930ed90a","Rangamati","Rangamati General Hospital","{""Rangamati General Hospital"",""Rangamati General Hospital Rangamati"",""Rangamati General Hospital, Rangamati""}",22.657828,92.169253,"ors_geocoding","t","2026-06-11 03:53:38.626404+00","2026-06-11 04:03:10.273745+00"
"f754c1ee-c78f-49a3-b5bb-e123cb118416","Rangamati","Rangamati Reserve Bazar","{""Rangamati Reserve Bazar"",""Rangamati Reserve Bazar Rangamati"",""Rangamati Reserve Bazar, Rangamati""}",22.660852,92.155507,"ors_geocoding","t","2026-06-11 03:53:38.626404+00","2026-06-11 04:03:11.396934+00"
"ea612d7b-e072-4ade-bdce-ba99df6daa14","Rangamati","Rangamati Sadar","{""Rangamati Sadar"",""Rangamati Sadar Rangamati"",""Rangamati Sadar, Rangamati""}",22.758512,92.240249,"ors_geocoding","t","2026-06-11 03:53:38.626404+00","2026-06-11 04:03:12.517514+00"
"94994ba7-4087-4c10-8e67-303c8a151bce","Rangamati","Tabalchhari","{Tabalchhari,""Tabalchhari Rangamati"",""Tabalchhari, Rangamati""}",22.758512,92.240249,"ors_geocoding","t","2026-06-11 03:53:38.626404+00","2026-06-11 04:03:13.653656+00"
"f82691c8-f177-4fb1-9a36-f4026819451f","Rangpur","Jahaj Company Mor","{""Jahaj Company Mor"",""Jahaj Company Mor Rangpur"",""Jahaj Company Mor, Rangpur""}",25.749327,89.254813,"ors_geocoding","t","2026-06-11 03:53:38.626404+00","2026-06-11 04:03:14.774636+00"
"40fa3989-db9f-4c49-b35c-9d451521936a","Rangpur","Paira Chattar","{""Paira Chattar"",""Paira Chattar Rangpur"",""Paira Chattar, Rangpur""}",25.986050,88.640310,"ors_geocoding","t","2026-06-11 03:53:38.626404+00","2026-06-11 04:03:16.002418+00"
"9f74ad60-a9be-4f73-920a-6793d3cadbf2","Rangpur","Rangpur Central Bus Terminal","{""Rangpur Central Bus Terminal"",""Rangpur Central Bus Terminal Rangpur"",""Rangpur Central Bus Terminal, Rangpur""}",25.743527,89.232016,"ors_geocoding","t","2026-06-11 03:53:38.626404+00","2026-06-11 04:03:17.125607+00"
"e4373cdf-794a-4bf8-a8c9-7d81d806d2fb","Rangpur","Rangpur Medical College","{""Rangpur Medical College"",""Rangpur Medical College Rangpur"",""Rangpur Medical College, Rangpur""}",25.766614,89.234041,"ors_geocoding","t","2026-06-11 03:53:38.626404+00","2026-06-11 04:03:18.248421+00"
"966740dc-81f4-4a35-b0da-82aad8d36a1a","Rangpur","Rangpur Railway Station","{""Rangpur Railway Station"",""Rangpur Railway Station Rangpur"",""Rangpur Railway Station, Rangpur""}",25.716374,89.246063,"ors_geocoding","t","2026-06-11 03:53:38.626404+00","2026-06-11 04:03:19.385934+00"
"d014faaa-9846-48bb-bddf-154dae30849d","Satkhira","New Market Satkhira","{""New Market Satkhira"",""New Market Satkhira Satkhira"",""New Market Satkhira, Satkhira""}",23.103767,89.103267,"ors_geocoding","t","2026-06-11 03:53:38.626404+00","2026-06-11 04:03:20.606483+00"
"2f8c0e8c-393d-4560-9094-2a0502649b6e","Satkhira","Satkhira Bus Terminal","{""Satkhira Bus Terminal"",""Satkhira Bus Terminal Satkhira"",""Satkhira Bus Terminal, Satkhira""}",23.058182,88.999400,"ors_geocoding","t","2026-06-11 03:53:38.626404+00","2026-06-11 04:03:21.84812+00"
"11ebe021-2c1f-41d3-bf9e-35bda0c0cb98","Satkhira","Satkhira Govt College","{""Satkhira Govt College"",""Satkhira Govt College Satkhira"",""Satkhira Govt College, Satkhira""}",22.710339,89.085439,"ors_geocoding","t","2026-06-11 03:53:38.626404+00","2026-06-11 04:03:22.969699+00"
"dac78d9b-3cfc-4456-961f-24abfcbeec86","Satkhira","Satkhira Sadar","{""Satkhira Sadar"",""Satkhira Sadar Satkhira"",""Satkhira Sadar, Satkhira""}",22.708170,89.071850,"ors_geocoding","t","2026-06-11 03:53:38.626404+00","2026-06-11 04:03:24.096002+00"
"7f2ea137-70b6-4b32-a517-0a7618d06622","Satkhira","Satkhira Sadar Hospital","{""Satkhira Sadar Hospital"",""Satkhira Sadar Hospital Satkhira"",""Satkhira Sadar Hospital, Satkhira""}",22.730000,89.030000,"ors_geocoding","t","2026-06-11 03:53:38.626404+00","2026-06-11 04:03:25.317619+00"
"fb727ce6-a78f-474c-8728-16a5b4597a9e","Shariatpur","Angaria Bazar","{""Angaria Bazar"",""Angaria Bazar Shariatpur"",""Angaria Bazar, Shariatpur""}",22.230507,89.160943,"ors_geocoding","t","2026-06-11 03:53:38.626404+00","2026-06-11 04:03:26.44048+00"
"c9888356-559a-4c2d-b645-45afc2ec2257","Shariatpur","Shariatpur Bus Terminal","{""Shariatpur Bus Terminal"",""Shariatpur Bus Terminal Shariatpur"",""Shariatpur Bus Terminal, Shariatpur""}",22.656348,90.662246,"ors_geocoding","t","2026-06-11 03:53:38.626404+00","2026-06-11 04:03:27.568628+00"
"12d9783d-6f40-4686-b2a8-3e745aea7c96","Shariatpur","Shariatpur Govt College","{""Shariatpur Govt College"",""Shariatpur Govt College Shariatpur"",""Shariatpur Govt College, Shariatpur""}",23.203138,90.337290,"ors_geocoding","t","2026-06-11 03:53:38.626404+00","2026-06-11 04:03:28.695326+00"
"c764aecb-f969-421c-9812-b1eaa75db248","Shariatpur","Shariatpur Sadar","{""Shariatpur Sadar"",""Shariatpur Sadar Shariatpur"",""Shariatpur Sadar, Shariatpur""}",23.210000,90.350000,"ors_geocoding","t","2026-06-11 03:53:38.626404+00","2026-06-11 04:03:29.820693+00"
"cc3ee611-0aef-41bd-837b-1d820bb57027","Shariatpur","Shariatpur Sadar Hospital","{""Shariatpur Sadar Hospital"",""Shariatpur Sadar Hospital Shariatpur"",""Shariatpur Sadar Hospital, Shariatpur""}",23.211776,90.348444,"ors_geocoding","t","2026-06-11 03:53:38.626404+00","2026-06-11 04:03:30.952167+00"
"77d1b098-41ac-4480-9b3c-5c2946410a9b","Sherpur","New Market Sherpur","{""New Market Sherpur"",""New Market Sherpur Sherpur"",""New Market Sherpur, Sherpur""}",25.016595,90.013971,"ors_geocoding","t","2026-06-11 03:53:38.626404+00","2026-06-11 04:03:32.09032+00"
"b713fa70-d0b6-4329-82ca-c6ae2f05f8ed","Sherpur","Sherpur Bus Terminal","{""Sherpur Bus Terminal"",""Sherpur Bus Terminal Sherpur"",""Sherpur Bus Terminal, Sherpur""}",24.626990,91.677764,"ors_geocoding","t","2026-06-11 03:53:38.626404+00","2026-06-11 04:03:33.430262+00"
"f266113c-5c16-4246-86b0-d94ee1c97d0a","Sherpur","Sherpur District Hospital","{""Sherpur District Hospital"",""Sherpur District Hospital Sherpur"",""Sherpur District Hospital, Sherpur""}",25.078668,90.078157,"ors_geocoding","t","2026-06-11 03:53:38.626404+00","2026-06-11 04:03:34.635195+00"
"269f57d2-17fb-4c53-b041-fe54f91f5b41","Sherpur","Sherpur Govt College","{""Sherpur Govt College"",""Sherpur Govt College Sherpur"",""Sherpur Govt College, Sherpur""}",25.021136,90.011934,"ors_geocoding","t","2026-06-11 03:53:38.626404+00","2026-06-11 04:03:35.86441+00"
"6fc2eec6-5210-4ed5-8f06-548b66ba839f","Sherpur","Sherpur Sadar","{""Sherpur Sadar"",""Sherpur Sadar Sherpur"",""Sherpur Sadar, Sherpur""}",25.018810,90.017510,"ors_geocoding","t","2026-06-11 03:53:38.626404+00","2026-06-11 04:03:36.992501+00"
"c84ac06d-decd-4d3e-afe7-7c84ea7ade4a","Sirajganj","Kodda Mor","{""Kodda Mor"",""Kodda Mor Sirajganj"",""Kodda Mor, Sirajganj""}",24.457710,89.708020,"ors_geocoding","t","2026-06-11 03:53:38.626404+00","2026-06-11 04:03:38.21956+00"
"7b18fadc-65c1-426d-8f21-cf08307af075","Sirajganj","Sirajganj 250 Bed Bangamata Sheikh Fazilatunnesa Mujib General Hospital","{""Sirajganj 250 Bed Bangamata Sheikh Fazilatunnesa Mujib General Hospital"",""Sirajganj 250 Bed Bangamata Sheikh Fazilatunnesa Mujib General Hospital Sirajganj"",""Sirajganj 250 Bed Bangamata Sheikh Fazilatunnesa Mujib General Hospital, Sirajganj""}",24.457710,89.708020,"manual_coordinate","t","2026-06-11 03:53:38.626404+00","2026-06-11 04:11:06.772239+00"
"08a3db91-bcb1-4f71-bfff-4b36d592846f","Sirajganj","Sirajganj Bus Terminal","{""Sirajganj Bus Terminal"",""Sirajganj Bus Terminal Sirajganj"",""Sirajganj Bus Terminal, Sirajganj""}",22.656348,90.662246,"ors_geocoding","t","2026-06-11 03:53:38.626404+00","2026-06-11 04:03:40.266015+00"
"1941cb85-1ac1-42f4-a3a3-4e19b79ba43e","Sirajganj","Sirajganj Railway Station","{""Sirajganj Railway Station"",""Sirajganj Railway Station Sirajganj"",""Sirajganj Railway Station, Sirajganj""}",24.458175,89.700978,"ors_geocoding","t","2026-06-11 03:53:38.626404+00","2026-06-11 04:03:41.498735+00"
"32f4b1b6-7237-4206-b64d-d0941361cc63","Sirajganj","Sirajganj Sadar","{""Sirajganj Sadar"",""Sirajganj Sadar Sirajganj"",""Sirajganj Sadar, Sirajganj""}",24.457710,89.708020,"ors_geocoding","t","2026-06-11 03:53:38.626404+00","2026-06-11 04:03:42.624751+00"
"d0d840e0-8d66-4c2a-81ac-937b6b2a3b2e","Sunamganj","Hasan Raja Museum","{""Hasan Raja Museum"",""Hasan Raja Museum Sunamganj"",""Hasan Raja Museum, Sunamganj""}",25.071053,91.392639,"ors_geocoding","t","2026-06-11 03:53:38.626404+00","2026-06-11 04:03:43.759161+00"
"b7fbb78f-3ab1-4929-98e1-2f27768892bf","Sunamganj","Sunamganj Bus Terminal","{""Sunamganj Bus Terminal"",""Sunamganj Bus Terminal Sunamganj"",""Sunamganj Bus Terminal, Sunamganj""}",22.656348,90.662246,"ors_geocoding","t","2026-06-11 03:53:38.626404+00","2026-06-11 04:03:44.976972+00"
"202993c6-f655-4504-86fd-35ad5af15261","Sunamganj","Sunamganj Govt College","{""Sunamganj Govt College"",""Sunamganj Govt College Sunamganj"",""Sunamganj Govt College, Sunamganj""}",25.065227,91.392753,"ors_geocoding","t","2026-06-11 03:53:38.626404+00","2026-06-11 04:03:46.181377+00"
"6d5a5e72-ee35-4ce2-8b24-6ad26d46a656","Sunamganj","Sunamganj Sadar","{""Sunamganj Sadar"",""Sunamganj Sadar Sunamganj"",""Sunamganj Sadar, Sunamganj""}",25.068890,91.402430,"ors_geocoding","t","2026-06-11 03:53:38.626404+00","2026-06-11 04:03:47.331713+00"
"b19f173f-a506-4975-bca0-a6a6029a241f","Sunamganj","Sunamganj Sadar Hospital","{""Sunamganj Sadar Hospital"",""Sunamganj Sadar Hospital Sunamganj"",""Sunamganj Sadar Hospital, Sunamganj""}",25.065123,91.410647,"ors_geocoding","t","2026-06-11 03:53:38.626404+00","2026-06-11 04:03:48.466915+00"
"b23a3268-1abe-4402-a365-dfe1e2b3c5a2","Sylhet","Ambarkhana","{Ambarkhana,""Ambarkhana Sylhet"",""Ambarkhana, Sylhet""}",24.897194,91.870240,"manual_coordinate","t","2026-06-11 03:53:38.626404+00","2026-06-11 04:12:08.094623+00"
"d8025861-154c-432f-9885-da89b4ce9637","Sylhet","Bandar Bazar Sylhet","{""Bandar Bazar Sylhet"",""Bandar Bazar Sylhet Sylhet"",""Bandar Bazar Sylhet, Sylhet""}",24.850564,92.140145,"ors_geocoding","t","2026-06-11 03:53:38.626404+00","2026-06-11 04:03:51.021161+00"
"ce3d71e5-6830-4d74-a6bc-2da3e41c6051","Sylhet","Sylhet MAG Osmani Medical College","{""Sylhet MAG Osmani Medical College"",""Sylhet MAG Osmani Medical College Sylhet"",""Sylhet MAG Osmani Medical College, Sylhet""}",24.900577,91.853376,"ors_geocoding","t","2026-06-11 03:53:38.626404+00","2026-06-11 04:03:52.147447+00"
"148125d1-8873-4071-b2fe-46a1237c753d","Sylhet","Tilagor","{Tilagor,""Tilagor Sylhet"",""Tilagor, Sylhet""}",24.896191,91.899531,"ors_geocoding","t","2026-06-11 03:53:38.626404+00","2026-06-11 04:03:53.271924+00"
"da6f4d8f-3e5a-4f80-8fb0-8b8c2ad65921","Sylhet","Zindabazar","{Zindabazar,""Zindabazar Sylhet"",""Zindabazar, Sylhet""}",24.899040,91.871980,"ors_geocoding","t","2026-06-11 03:53:38.626404+00","2026-06-11 04:03:54.400804+00"
"16215166-c0d4-49fc-abce-7b810f264747","Tangail","Nirala Mor","{""Nirala Mor"",""Nirala Mor Tangail"",""Nirala Mor, Tangail""}",24.249840,89.916550,"ors_geocoding","t","2026-06-11 03:53:38.626404+00","2026-06-11 04:03:55.526428+00"
"65073742-4dcf-4bc9-8bd8-94acdc6cc4bf","Tangail","Tangail Bus Terminal","{""Tangail Bus Terminal"",""Tangail Bus Terminal Tangail"",""Tangail Bus Terminal, Tangail""}",24.268290,89.924927,"ors_geocoding","t","2026-06-11 03:53:38.626404+00","2026-06-11 04:03:56.657162+00"
"ddfc22ec-cbac-4f32-9875-f37438764945","Tangail","Tangail General Hospital","{""Tangail General Hospital"",""Tangail General Hospital Tangail"",""Tangail General Hospital, Tangail""}",24.263970,89.925263,"ors_geocoding","t","2026-06-11 03:53:38.626404+00","2026-06-11 04:03:57.785219+00"
"1712d638-5783-4235-9db8-860d7a04b7be","Tangail","Tangail Railway Station","{""Tangail Railway Station"",""Tangail Railway Station Tangail"",""Tangail Railway Station, Tangail""}",24.246758,89.913734,"ors_geocoding","t","2026-06-11 03:53:38.626404+00","2026-06-11 04:03:58.911501+00"
"0a1d11aa-3960-443e-8a45-826e420897ed","Tangail","Tangail Sadar","{""Tangail Sadar"",""Tangail Sadar Tangail"",""Tangail Sadar, Tangail""}",24.249840,89.916550,"ors_geocoding","t","2026-06-11 03:53:38.626404+00","2026-06-11 04:04:00.030455+00"
"27599ec9-ad3a-4b4b-a38f-a34109e73f98","Thakurgaon","Thakurgaon Bus Terminal","{""Thakurgaon Bus Terminal"",""Thakurgaon Bus Terminal Thakurgaon"",""Thakurgaon Bus Terminal, Thakurgaon""}",25.982627,88.264886,"ors_geocoding","t","2026-06-11 03:53:38.626404+00","2026-06-11 04:04:01.260284+00"
"774dcac1-bf55-47e3-b9e1-682cf39ffd66","Thakurgaon","Thakurgaon Govt College","{""Thakurgaon Govt College"",""Thakurgaon Govt College Thakurgaon"",""Thakurgaon Govt College, Thakurgaon""}",26.039175,88.452484,"ors_geocoding","t","2026-06-11 03:53:38.626404+00","2026-06-11 04:04:02.394292+00"
"4f352bfb-9ec2-4977-be2d-9e73f0004f60","Thakurgaon","Thakurgaon Modern Sadar Hospital","{""Thakurgaon Modern Sadar Hospital"",""Thakurgaon Modern Sadar Hospital Thakurgaon"",""Thakurgaon Modern Sadar Hospital, Thakurgaon""}",26.029535,88.476383,"ors_geocoding","t","2026-06-11 03:53:38.626404+00","2026-06-11 04:04:03.514937+00"
"2f32eb40-24d7-4593-b9c5-ae4c5a3a52fd","Thakurgaon","Thakurgaon Railway Station","{""Thakurgaon Railway Station"",""Thakurgaon Railway Station Thakurgaon"",""Thakurgaon Railway Station, Thakurgaon""}",26.040250,88.426510,"ors_geocoding","t","2026-06-11 03:53:38.626404+00","2026-06-11 04:04:04.762225+00"
"7172daab-c7e1-4608-bac7-e176ee1b3336","Thakurgaon","Thakurgaon Sadar","{""Thakurgaon Sadar"",""Thakurgaon Sadar Thakurgaon"",""Thakurgaon Sadar, Thakurgaon""}",26.030970,88.469890,"ors_geocoding","t","2026-06-11 03:53:38.626404+00","2026-06-11 04:04:05.881716+00"
